filename,start,end
sample-000000-0.mp3,0.48,2.89
sample-000001-1.mp3,0.63,1.6
sample-000002-2.mp3,0.75,1.69
sample-000004-4.mp3,0.88,5.17
sample-000005-5.mp3,0.54,4.45
sample-000006-6.mp3,0.91,3.75
sample-000007-7.mp3,0.79,2.25
sample-000009-9.mp3,0.33,3.95
sample-000010-10.mp3,0.67,4.34
sample-000011-11.mp3,0.51,4.22
sample-000013-13.mp3,0.72,2.81
sample-000014-14.mp3,0.64,1.89
sample-000015-15.mp3,0.71,4.03
sample-000016-16.mp3,0.73,2.55
sample-000017-17.mp3,1.02,4.159999999999999
sample-000018-18.mp3,0.82,2.849999999999999
sample-000019-19.mp3,1.55,4.36
sample-000020-20.mp3,0.95,5.579999999999999
sample-000021-21.mp3,0.56,2.08
sample-000022-22.mp3,0.51,3.6
sample-000023-23.mp3,1.18,5.49
sample-000024-24.mp3,0.56,1.61
sample-000025-25.mp3,0.97,3.45
sample-000026-26.mp3,0.78,3.13
sample-000027-27.mp3,0.67,4.17
sample-000028-28.mp3,1.31,3.27
sample-000029-29.mp3,0.5,2.330000000000001
sample-000030-30.mp3,0.77,2.52
sample-000031-31.mp3,1.24,4.1
sample-000032-32.mp3,1.14,3.62
sample-000033-33.mp3,0.51,4.579999999999998
sample-000034-34.mp3,0.79,1.71
sample-000035-35.mp3,0.58,3.01
sample-000036-36.mp3,0.87,3.29
sample-000037-37.mp3,0.97,3.829999999999999
sample-000038-38.mp3,0.55,1.45
sample-000041-41.mp3,1.06,2.27
sample-000042-42.mp3,0.67,2.51
sample-000043-43.mp3,0.96,2.04
sample-000044-44.mp3,1.65,4.349999999999999
sample-000045-45.mp3,1.19,3.68
sample-000046-46.mp3,0.97,2.91
sample-000047-47.mp3,0.88,2.08
sample-000048-48.mp3,0.6,4.93
sample-000049-49.mp3,0.87,4.04
sample-000050-50.mp3,0.39,3.77
sample-000051-51.mp3,1.32,3.65
sample-000053-53.mp3,0.47,2.86
sample-000054-54.mp3,1.37,3.07
sample-000055-55.mp3,1.08,2.84
sample-000056-56.mp3,1.14,2.73
sample-000057-57.mp3,0.75,2.66
sample-000058-58.mp3,1.07,3.75
sample-000059-59.mp3,0.3,1.75
sample-000060-60.mp3,0.66,5.08
sample-000061-61.mp3,1.37,2.9400000000000013
sample-000062-62.mp3,0.71,2.73
sample-000063-63.mp3,0.56,3.24
sample-000064-64.mp3,0.98,5.16
sample-000065-65.mp3,0.77,3.76
sample-000066-66.mp3,0.76,3.61
sample-000067-67.mp3,0.9,2.86
sample-000068-68.mp3,0.91,1.77
sample-000069-69.mp3,0.78,2.93
sample-000070-70.mp3,0.38,2.78
sample-000071-71.mp3,1.08,3.95
sample-000072-72.mp3,0.81,2.87
sample-000074-74.mp3,0.33,2.13
sample-000075-75.mp3,1.66,4.569999999999999
sample-000076-76.mp3,0.6,3.22
sample-000077-77.mp3,0.69,3.06
sample-000078-78.mp3,0.66,4.14
sample-000080-80.mp3,0.7,3.39
sample-000081-81.mp3,1.83,5.1
sample-000082-82.mp3,0.82,3.02
sample-000083-83.mp3,0.72,3.65
sample-000084-84.mp3,0.7,1.59
sample-000086-86.mp3,0.74,2.16
sample-000087-87.mp3,0.4599999999999999,3.640000000000001
sample-000088-88.mp3,0.53,4.169999999999999
sample-000089-89.mp3,0.53,2.36
sample-000090-90.mp3,0.69,1.88
sample-000091-91.mp3,1.1,2.3
sample-000092-92.mp3,0.74,5.33
sample-000093-93.mp3,0.89,5.079999999999999
sample-000094-94.mp3,0.85,3.94
sample-000096-96.mp3,1.35,4.39
sample-000097-97.mp3,0.72,4.66
sample-000098-98.mp3,0.9,2.99
sample-000099-99.mp3,0.7,2.9
sample-000100-100.mp3,0.47,4.14
sample-000101-101.mp3,0.75,2.75
sample-000103-103.mp3,2.16,3.81
sample-000104-104.mp3,0.82,5.0
sample-000105-105.mp3,0.66,3.39
sample-000106-106.mp3,0.98,2.56
sample-000107-107.mp3,1.17,4.8
sample-000108-108.mp3,2.98,4.57
sample-000109-109.mp3,0.54,2.58
sample-000110-110.mp3,0.94,5.249999999999999
sample-000111-111.mp3,1.38,4.38
sample-000112-112.mp3,0.52,2.24
sample-000115-115.mp3,0.64,1.94
sample-000116-116.mp3,0.73,3.66
sample-000117-117.mp3,1.02,4.7
sample-000118-118.mp3,0.99,5.09
sample-000119-119.mp3,0.65,4.31
sample-000120-120.mp3,0.78,2.6100000000000003
sample-000121-121.mp3,0.69,2.55
sample-000122-122.mp3,0.59,4.96
sample-000124-124.mp3,0.77,5.05
sample-000125-125.mp3,0.45,2.6
sample-000127-127.mp3,0.82,5.03
sample-000128-128.mp3,0.49,4.91
sample-000129-129.mp3,0.94,3.47
sample-000130-130.mp3,0.74,3.96
sample-000132-132.mp3,0.74,3.59
sample-000133-133.mp3,0.82,2.79
sample-000134-134.mp3,0.99,4.9
sample-000135-135.mp3,0.82,3.62
sample-000136-136.mp3,0.59,4.8
sample-000137-137.mp3,1.07,2.22
sample-000138-138.mp3,0.86,2.7399999999999984
sample-000139-139.mp3,1.01,2.99
sample-000140-140.mp3,0.82,3.52
sample-000142-142.mp3,2.3,4.65
sample-000143-143.mp3,0.43,2.8
sample-000144-144.mp3,0.97,2.22
sample-000145-145.mp3,0.78,2.09
sample-000146-146.mp3,0.24,2.68
sample-000147-147.mp3,0.52,4.83
sample-000148-148.mp3,0.65,2.92
sample-000149-149.mp3,0.95,4.65
sample-000150-150.mp3,1.44,4.15
sample-000151-151.mp3,0.62,2.84
sample-000152-152.mp3,0.6,2.0700000000000007
sample-000154-154.mp3,1.37,4.64
sample-000155-155.mp3,0.37,4.15
sample-000156-156.mp3,0.72,3.7
sample-000158-158.mp3,0.92,3.4199999999999995
sample-000159-159.mp3,0.58,1.62
sample-000160-160.mp3,0.9,3.3999999999999995
sample-000161-161.mp3,0.57,2.38
sample-000162-162.mp3,0.6,2.08
sample-000163-163.mp3,1.12,4.14
sample-000164-164.mp3,0.75,2.56
sample-000165-165.mp3,0.6,3.86
sample-000166-166.mp3,1.12,4.069999999999999
sample-000167-167.mp3,0.97,2.5500000000000003
sample-000169-169.mp3,0.67,2.4899999999999998
sample-000170-170.mp3,0.62,3.03
sample-000171-171.mp3,0.52,2.89
sample-000173-173.mp3,1.31,3.61
sample-000174-174.mp3,0.75,3.97
sample-000175-175.mp3,0.86,4.63
sample-000177-177.mp3,1.42,3.07
sample-000179-179.mp3,0.73,1.6199999999999999
sample-000180-180.mp3,0.64,2.1
sample-000181-181.mp3,0.81,3.71
sample-000182-182.mp3,0.8,4.17
sample-000185-185.mp3,1.35,3.15
sample-000186-186.mp3,0.52,1.98
sample-000187-187.mp3,0.93,3.91
sample-000188-188.mp3,0.95,3.0999999999999996
sample-000189-189.mp3,0.7,2.27
sample-000190-190.mp3,1.35,4.39
sample-000191-191.mp3,0.3,2.81
sample-000193-193.mp3,0.58,3.869999999999999
sample-000194-194.mp3,1.43,4.15
sample-000195-195.mp3,0.79,2.44
sample-000196-196.mp3,1.28,4.5
sample-000197-197.mp3,0.78,1.96
sample-000198-198.mp3,0.95,1.84
sample-000199-199.mp3,1.05,5.16
sample-000201-201.mp3,0.76,3.35
sample-000202-202.mp3,0.75,2.51
sample-000203-203.mp3,0.78,2.6
sample-000204-204.mp3,0.88,1.93
sample-000205-205.mp3,0.93,4.7
sample-000206-206.mp3,0.66,3.74
sample-000208-208.mp3,1.24,2.6699999999999995
sample-000209-209.mp3,1.8,4.5
sample-000213-213.mp3,1.38,3.14
sample-000214-214.mp3,0.82,4.32
sample-000215-215.mp3,0.28,3.0
sample-000216-216.mp3,0.57,1.14
sample-000217-217.mp3,1.12,5.14
sample-000218-218.mp3,0.67,4.39
sample-000219-219.mp3,1.3,3.52
sample-000222-222.mp3,1.0,3.62
sample-000223-223.mp3,0.62,2.5
sample-000224-224.mp3,0.49,2.52
sample-000225-225.mp3,0.74,3.5
sample-000226-226.mp3,0.96,2.4
sample-000227-227.mp3,0.58,4.17
sample-000228-228.mp3,1.37,3.33
sample-000229-229.mp3,0.67,3.71
sample-000230-230.mp3,0.46,2.75
sample-000231-231.mp3,0.67,2.11
sample-000232-232.mp3,0.38,1.72
sample-000233-233.mp3,1.09,2.83
sample-000234-234.mp3,0.48,2.25
sample-000235-235.mp3,1.05,3.05
sample-000236-236.mp3,0.99,2.37
sample-000237-237.mp3,0.63,1.97
sample-000238-238.mp3,1.19,3.62
sample-000239-239.mp3,0.48000000000000004,3.54
sample-000240-240.mp3,0.51,2.28
sample-000241-241.mp3,0.74,2.94
sample-000242-242.mp3,0.58,4.08
sample-000244-244.mp3,1.27,3.1599999999999993
sample-000245-245.mp3,1.37,5.1
sample-000246-246.mp3,0.72,1.68
sample-000247-247.mp3,1.01,3.14
sample-000248-248.mp3,0.65,1.98
sample-000250-250.mp3,0.5,1.76
sample-000251-251.mp3,0.61,3.93
sample-000253-253.mp3,1.69,3.79
sample-000254-254.mp3,1.67,4.45
sample-000256-256.mp3,0.72,2.19
sample-000258-258.mp3,0.63,2.79
sample-000259-259.mp3,0.83,2.2
sample-000260-260.mp3,0.86,3.03
sample-000261-261.mp3,0.97,3.36
sample-000262-262.mp3,0.17,3.5800000000000005
sample-000263-263.mp3,0.61,1.88
sample-000264-264.mp3,0.26,4.69
sample-000265-265.mp3,0.060000000000000005,5.84
sample-000266-266.mp3,0.88,3.46
sample-000268-268.mp3,0.64,4.49
sample-000269-269.mp3,0.93,4.56
sample-000270-270.mp3,1.32,4.14
sample-000271-271.mp3,0.5,2.06
sample-000273-273.mp3,0.56,4.06
sample-000275-275.mp3,0.91,2.849999999999999
sample-000276-276.mp3,0.67,2.1499999999999995
sample-000277-277.mp3,0.56,3.0
sample-000278-278.mp3,0.58,1.9000000000000001
sample-000279-279.mp3,0.88,2.18
sample-000280-280.mp3,0.98,2.79
sample-000282-282.mp3,0.46,2.49
sample-000283-283.mp3,0.51,3.17
sample-000285-285.mp3,0.71,3.58
sample-000286-286.mp3,0.51,2.88
sample-000288-288.mp3,0.48,1.95
sample-000289-289.mp3,0.69,3.69
sample-000291-291.mp3,1.09,3.349999999999999
sample-000294-294.mp3,0.87,4.67
sample-000295-295.mp3,0.76,4.59
sample-000296-296.mp3,1.08,4.279999999999999
sample-000297-297.mp3,0.53,2.5799999999999996
sample-000299-299.mp3,0.53,1.6400000000000001
sample-000300-300.mp3,0.63,3.5
sample-000301-301.mp3,1.09,1.8299999999999998
sample-000303-303.mp3,0.34,3.49
sample-000304-304.mp3,0.95,4.73
sample-000305-305.mp3,,
sample-000306-306.mp3,,
sample-000307-307.mp3,,
sample-000308-308.mp3,,
sample-000309-309.mp3,,
sample-000310-310.mp3,,
sample-000311-311.mp3,,
sample-000312-312.mp3,,
sample-000313-313.mp3,,
sample-000315-315.mp3,,
sample-000316-316.mp3,,
sample-000317-317.mp3,,
sample-000318-318.mp3,,
sample-000319-319.mp3,,
sample-000321-321.mp3,,
sample-000322-322.mp3,,
sample-000323-323.mp3,,
sample-000324-324.mp3,,
sample-000325-325.mp3,,
sample-000326-326.mp3,,
sample-000327-327.mp3,,
sample-000328-328.mp3,,
sample-000329-329.mp3,,
sample-000330-330.mp3,,
sample-000331-331.mp3,,
sample-000332-332.mp3,,
sample-000333-333.mp3,,
sample-000334-334.mp3,,
sample-000335-335.mp3,,
sample-000336-336.mp3,,
sample-000337-337.mp3,,
sample-000338-338.mp3,,
sample-000339-339.mp3,,
sample-000341-341.mp3,,
sample-000345-345.mp3,,
sample-000346-346.mp3,,
sample-000348-348.mp3,,
sample-000349-349.mp3,,
sample-000350-350.mp3,,
sample-000351-351.mp3,,
sample-000352-352.mp3,,
sample-000353-353.mp3,,
sample-000354-354.mp3,,
sample-000355-355.mp3,,
sample-000357-357.mp3,,
sample-000358-358.mp3,,
sample-000359-359.mp3,,
sample-000360-360.mp3,,
sample-000361-361.mp3,,
sample-000362-362.mp3,,
sample-000363-363.mp3,,
sample-000364-364.mp3,,
sample-000365-365.mp3,,
sample-000367-367.mp3,,
sample-000368-368.mp3,,
sample-000372-372.mp3,,
sample-000373-373.mp3,,
sample-000374-374.mp3,,
sample-000376-376.mp3,,
sample-000378-378.mp3,,
sample-000379-379.mp3,,
sample-000380-380.mp3,,
sample-000381-381.mp3,,
sample-000382-382.mp3,,
sample-000383-383.mp3,,
sample-000384-384.mp3,,
sample-000385-385.mp3,,
sample-000386-386.mp3,,
sample-000387-387.mp3,,
sample-000388-388.mp3,,
sample-000390-390.mp3,,
sample-000391-391.mp3,,
sample-000392-392.mp3,,
sample-000393-393.mp3,,
sample-000395-395.mp3,,
sample-000396-396.mp3,,
sample-000398-398.mp3,,
sample-000399-399.mp3,,
sample-000400-400.mp3,,
sample-000401-401.mp3,,
sample-000402-402.mp3,,
sample-000403-403.mp3,,
sample-000404-404.mp3,,
sample-000405-405.mp3,,
sample-000406-406.mp3,,
sample-000407-407.mp3,,
sample-000408-408.mp3,,
sample-000409-409.mp3,,
sample-000410-410.mp3,,
sample-000411-411.mp3,,
sample-000414-414.mp3,,
sample-000416-416.mp3,,
sample-000417-417.mp3,,
sample-000418-418.mp3,,
sample-000419-419.mp3,,
sample-000422-422.mp3,,
sample-000423-423.mp3,,
sample-000424-424.mp3,,
sample-000425-425.mp3,,
sample-000426-426.mp3,,
sample-000427-427.mp3,,
sample-000428-428.mp3,,
sample-000429-429.mp3,,
sample-000430-430.mp3,,
sample-000431-431.mp3,,
sample-000432-432.mp3,,
sample-000433-433.mp3,,
sample-000434-434.mp3,,
sample-000435-435.mp3,,
sample-000437-437.mp3,,
sample-000438-438.mp3,,
sample-000440-440.mp3,,
sample-000441-441.mp3,,
sample-000442-442.mp3,,
sample-000443-443.mp3,,
sample-000444-444.mp3,,
sample-000445-445.mp3,,
sample-000446-446.mp3,,
sample-000447-447.mp3,,
sample-000449-449.mp3,,
sample-000451-451.mp3,,
sample-000452-452.mp3,,
sample-000453-453.mp3,,
sample-000454-454.mp3,,
sample-000455-455.mp3,,
sample-000456-456.mp3,,
sample-000458-458.mp3,,
sample-000459-459.mp3,,
sample-000460-460.mp3,,
sample-000461-461.mp3,,
sample-000462-462.mp3,,
sample-000463-463.mp3,,
sample-000464-464.mp3,,
sample-000465-465.mp3,,
sample-000466-466.mp3,,
sample-000467-467.mp3,,
sample-000468-468.mp3,,
sample-000469-469.mp3,,
sample-000470-470.mp3,,
sample-000471-471.mp3,,
sample-000472-472.mp3,,
sample-000473-473.mp3,,
sample-000474-474.mp3,,
sample-000475-475.mp3,,
sample-000476-476.mp3,,
sample-000477-477.mp3,,
sample-000478-478.mp3,,
sample-000479-479.mp3,,
sample-000480-480.mp3,,
sample-000481-481.mp3,,
sample-000483-483.mp3,,
sample-000484-484.mp3,,
sample-000485-485.mp3,,
sample-000486-486.mp3,,
sample-000487-487.mp3,,
sample-000488-488.mp3,,
sample-000489-489.mp3,,
sample-000490-490.mp3,,
sample-000491-491.mp3,,
sample-000492-492.mp3,,
sample-000493-493.mp3,,
sample-000494-494.mp3,,
sample-000496-496.mp3,,
sample-000497-497.mp3,,
sample-000499-499.mp3,,
sample-000500-500.mp3,,
sample-000502-502.mp3,,
sample-000503-503.mp3,,
sample-000504-504.mp3,,
sample-000505-505.mp3,,
sample-000506-506.mp3,,
sample-000507-507.mp3,,
sample-000508-508.mp3,,
sample-000509-509.mp3,,
sample-000510-510.mp3,,
sample-000511-511.mp3,,
sample-000512-512.mp3,,
sample-000513-513.mp3,,
sample-000514-514.mp3,,
sample-000515-515.mp3,,
sample-000516-516.mp3,,
sample-000517-517.mp3,,
sample-000518-518.mp3,,
sample-000520-520.mp3,,
sample-000521-521.mp3,,
sample-000522-522.mp3,,
sample-000523-523.mp3,,
sample-000525-525.mp3,,
sample-000526-526.mp3,,
sample-000528-528.mp3,,
sample-000531-531.mp3,,
sample-000532-532.mp3,,
sample-000533-533.mp3,,
sample-000534-534.mp3,,
sample-000535-535.mp3,,
sample-000536-536.mp3,,
sample-000537-537.mp3,,
sample-000538-538.mp3,,
sample-000539-539.mp3,,
sample-000540-540.mp3,,
sample-000541-541.mp3,,
sample-000542-542.mp3,,
sample-000543-543.mp3,,
sample-000544-544.mp3,,
sample-000545-545.mp3,,
sample-000546-546.mp3,,
sample-000547-547.mp3,,
sample-000549-549.mp3,,
sample-000550-550.mp3,,
sample-000551-551.mp3,,
sample-000552-552.mp3,,
sample-000553-553.mp3,,
sample-000554-554.mp3,,
sample-000555-555.mp3,,
sample-000556-556.mp3,,
sample-000557-557.mp3,,
sample-000558-558.mp3,,
sample-000560-560.mp3,,
sample-000561-561.mp3,,
sample-000562-562.mp3,,
sample-000563-563.mp3,,
sample-000564-564.mp3,,
sample-000565-565.mp3,,
sample-000566-566.mp3,,
sample-000567-567.mp3,,
sample-000568-568.mp3,,
sample-000569-569.mp3,,
sample-000570-570.mp3,,
sample-000571-571.mp3,,
sample-000573-573.mp3,,
sample-000575-575.mp3,,
sample-000576-576.mp3,,
sample-000578-578.mp3,,
sample-000579-579.mp3,,
sample-000581-581.mp3,,
sample-000582-582.mp3,,
sample-000583-583.mp3,,
sample-000584-584.mp3,,
sample-000585-585.mp3,,
sample-000587-587.mp3,,
sample-000588-588.mp3,,
sample-000589-589.mp3,,
sample-000590-590.mp3,,
sample-000591-591.mp3,,
sample-000592-592.mp3,,
sample-000593-593.mp3,,
sample-000594-594.mp3,,
sample-000595-595.mp3,,
sample-000596-596.mp3,,
sample-000597-597.mp3,,
sample-000599-599.mp3,,
sample-000600-600.mp3,,
sample-000602-602.mp3,,
sample-000603-603.mp3,,
sample-000604-604.mp3,,
sample-000605-605.mp3,,
sample-000607-607.mp3,,
sample-000608-608.mp3,,
sample-000610-610.mp3,,
sample-000611-611.mp3,,
sample-000612-612.mp3,,
sample-000613-613.mp3,,
sample-000614-614.mp3,,
sample-000615-615.mp3,,
sample-000616-616.mp3,,
sample-000617-617.mp3,,
sample-000618-618.mp3,,
sample-000619-619.mp3,,
sample-000620-620.mp3,,
sample-000621-621.mp3,,
sample-000623-623.mp3,,
sample-000625-625.mp3,,
sample-000626-626.mp3,,
sample-000627-627.mp3,,
sample-000628-628.mp3,,
sample-000632-632.mp3,,
sample-000633-633.mp3,,
sample-000634-634.mp3,,
sample-000636-636.mp3,,
sample-000637-637.mp3,,
sample-000638-638.mp3,,
sample-000639-639.mp3,,
sample-000641-641.mp3,,
sample-000642-642.mp3,,
sample-000643-643.mp3,,
sample-000644-644.mp3,,
sample-000645-645.mp3,,
sample-000647-647.mp3,,
sample-000648-648.mp3,,
sample-000649-649.mp3,,
sample-000650-650.mp3,,
sample-000651-651.mp3,,
sample-000652-652.mp3,,
sample-000654-654.mp3,,
sample-000656-656.mp3,,
sample-000657-657.mp3,,
sample-000658-658.mp3,,
sample-000659-659.mp3,,
sample-000660-660.mp3,,
sample-000662-662.mp3,,
sample-000663-663.mp3,,
sample-000664-664.mp3,,
sample-000665-665.mp3,,
sample-000666-666.mp3,,
sample-000667-667.mp3,,
sample-000669-669.mp3,,
sample-000670-670.mp3,,
sample-000671-671.mp3,,
sample-000672-672.mp3,,
sample-000673-673.mp3,,
sample-000674-674.mp3,,
sample-000675-675.mp3,,
sample-000678-678.mp3,,
sample-000679-679.mp3,,
sample-000680-680.mp3,,
sample-000681-681.mp3,,
sample-000683-683.mp3,,
sample-000684-684.mp3,,
sample-000686-686.mp3,,
sample-000687-687.mp3,,
sample-000688-688.mp3,,
sample-000689-689.mp3,,
sample-000690-690.mp3,,
sample-000692-692.mp3,,
sample-000693-693.mp3,,
sample-000694-694.mp3,,
sample-000695-695.mp3,,
sample-000696-696.mp3,,
sample-000698-698.mp3,,
sample-000700-700.mp3,,
sample-000701-701.mp3,,
sample-000704-704.mp3,,
sample-000706-706.mp3,,
sample-000707-707.mp3,,
sample-000708-708.mp3,,
sample-000709-709.mp3,,
sample-000710-710.mp3,,
sample-000711-711.mp3,,
sample-000712-712.mp3,,
sample-000713-713.mp3,,
sample-000714-714.mp3,,
sample-000715-715.mp3,,
sample-000716-716.mp3,,
sample-000717-717.mp3,,
sample-000718-718.mp3,,
sample-000719-719.mp3,,
sample-000720-720.mp3,,
sample-000721-721.mp3,,
sample-000722-722.mp3,,
sample-000723-723.mp3,,
sample-000724-724.mp3,,
sample-000725-725.mp3,,
sample-000726-726.mp3,,
sample-000727-727.mp3,,
sample-000728-728.mp3,,
sample-000729-729.mp3,,
sample-000731-731.mp3,,
sample-000732-732.mp3,,
sample-000733-733.mp3,,
sample-000734-734.mp3,,
sample-000735-735.mp3,,
sample-000736-736.mp3,,
sample-000738-738.mp3,,
sample-000739-739.mp3,,
sample-000741-741.mp3,,
sample-000742-742.mp3,,
sample-000743-743.mp3,,
sample-000744-744.mp3,,
sample-000745-745.mp3,,
sample-000747-747.mp3,,
sample-000751-751.mp3,,
sample-000752-752.mp3,,
sample-000753-753.mp3,,
sample-000755-755.mp3,,
sample-000756-756.mp3,,
sample-000757-757.mp3,,
sample-000758-758.mp3,,
sample-000759-759.mp3,,
sample-000760-760.mp3,,
sample-000761-761.mp3,,
sample-000762-762.mp3,,
sample-000763-763.mp3,,
sample-000764-764.mp3,,
sample-000765-765.mp3,,
sample-000766-766.mp3,,
sample-000768-768.mp3,,
sample-000769-769.mp3,,
sample-000770-770.mp3,,
sample-000771-771.mp3,,
sample-000772-772.mp3,,
sample-000773-773.mp3,,
sample-000774-774.mp3,,
sample-000775-775.mp3,,
sample-000776-776.mp3,,
sample-000777-777.mp3,,
sample-000778-778.mp3,,
sample-000779-779.mp3,,
sample-000780-780.mp3,,
sample-000783-783.mp3,,
sample-000784-784.mp3,,
sample-000785-785.mp3,,
sample-000786-786.mp3,,
sample-000788-788.mp3,,
sample-000789-789.mp3,,
sample-000793-793.mp3,,
sample-000794-794.mp3,,
sample-000795-795.mp3,,
sample-000796-796.mp3,,
sample-000797-797.mp3,,
sample-000798-798.mp3,,
sample-000799-799.mp3,,
sample-000800-800.mp3,,
sample-000801-801.mp3,,
sample-000802-802.mp3,,
sample-000804-804.mp3,,
sample-000805-805.mp3,,
sample-000806-806.mp3,,
sample-000808-808.mp3,,
sample-000809-809.mp3,,
sample-000812-812.mp3,,
sample-000813-813.mp3,,
sample-000814-814.mp3,,
sample-000815-815.mp3,,
sample-000816-816.mp3,,
sample-000817-817.mp3,,
sample-000818-818.mp3,,
sample-000819-819.mp3,,
sample-000820-820.mp3,,
sample-000821-821.mp3,,
sample-000822-822.mp3,,
sample-000823-823.mp3,,
sample-000825-825.mp3,,
sample-000826-826.mp3,,
sample-000828-828.mp3,,
sample-000829-829.mp3,,
sample-000830-830.mp3,,
sample-000832-832.mp3,,
sample-000833-833.mp3,,
sample-000834-834.mp3,,
sample-000835-835.mp3,,
sample-000836-836.mp3,,
sample-000837-837.mp3,,
sample-000838-838.mp3,,
sample-000839-839.mp3,,
sample-000840-840.mp3,,
sample-000841-841.mp3,,
sample-000842-842.mp3,,
sample-000843-843.mp3,,
sample-000845-845.mp3,,
sample-000846-846.mp3,,
sample-000847-847.mp3,,
sample-000851-851.mp3,,
sample-000853-853.mp3,,
sample-000854-854.mp3,,
sample-000856-856.mp3,,
sample-000857-857.mp3,,
sample-000858-858.mp3,,
sample-000859-859.mp3,,
sample-000860-860.mp3,,
sample-000862-862.mp3,,
sample-000864-864.mp3,,
sample-000865-865.mp3,,
sample-000866-866.mp3,,
sample-000867-867.mp3,,
sample-000868-868.mp3,,
sample-000869-869.mp3,,
sample-000871-871.mp3,,
sample-000872-872.mp3,,
sample-000873-873.mp3,,
sample-000875-875.mp3,,
sample-000876-876.mp3,,
sample-000877-877.mp3,,
sample-000878-878.mp3,,
sample-000879-879.mp3,,
sample-000880-880.mp3,,
sample-000881-881.mp3,,
sample-000883-883.mp3,,
sample-000885-885.mp3,,
sample-000887-887.mp3,,
sample-000888-888.mp3,,
sample-000889-889.mp3,,
sample-000890-890.mp3,,
sample-000891-891.mp3,,
sample-000892-892.mp3,,
sample-000893-893.mp3,,
sample-000894-894.mp3,,
sample-000895-895.mp3,,
sample-000896-896.mp3,,
sample-000897-897.mp3,,
sample-000898-898.mp3,,
sample-000899-899.mp3,,
sample-000900-900.mp3,,
sample-000901-901.mp3,,
sample-000902-902.mp3,,
sample-000904-904.mp3,,
sample-000905-905.mp3,,
sample-000906-906.mp3,,
sample-000907-907.mp3,,
sample-000908-908.mp3,,
sample-000909-909.mp3,,
sample-000910-910.mp3,,
sample-000912-912.mp3,,
sample-000913-913.mp3,,
sample-000915-915.mp3,,
sample-000916-916.mp3,,
sample-000917-917.mp3,,
sample-000918-918.mp3,,
sample-000919-919.mp3,,
sample-000920-920.mp3,,
sample-000922-922.mp3,,
sample-000924-924.mp3,,
sample-000925-925.mp3,,
sample-000926-926.mp3,,
sample-000927-927.mp3,,
sample-000928-928.mp3,,
sample-000929-929.mp3,,
sample-000930-930.mp3,,
sample-000931-931.mp3,,
sample-000933-933.mp3,,
sample-000934-934.mp3,,
sample-000937-937.mp3,,
sample-000938-938.mp3,,
sample-000939-939.mp3,,
sample-000940-940.mp3,,
sample-000941-941.mp3,,
sample-000942-942.mp3,,
sample-000943-943.mp3,,
sample-000944-944.mp3,,
sample-000945-945.mp3,,
sample-000946-946.mp3,,
sample-000947-947.mp3,,
sample-000948-948.mp3,,
sample-000950-950.mp3,,
sample-000951-951.mp3,,
sample-000952-952.mp3,,
sample-000955-955.mp3,,
sample-000957-957.mp3,,
sample-000958-958.mp3,,
sample-000959-959.mp3,,
sample-000960-960.mp3,,
sample-000961-961.mp3,,
sample-000962-962.mp3,,
sample-000963-963.mp3,,
sample-000964-964.mp3,,
sample-000966-966.mp3,,
sample-000969-969.mp3,,
sample-000970-970.mp3,,
sample-000972-972.mp3,,
sample-000973-973.mp3,,
sample-000974-974.mp3,,
sample-000975-975.mp3,,
sample-000976-976.mp3,,
sample-000977-977.mp3,,
sample-000978-978.mp3,,
sample-000980-980.mp3,,
sample-000981-981.mp3,,
sample-000982-982.mp3,,
sample-000983-983.mp3,,
sample-000985-985.mp3,,
sample-000986-986.mp3,,
sample-000987-987.mp3,,
sample-000988-988.mp3,,
sample-000990-990.mp3,,
sample-000992-992.mp3,,
sample-000994-994.mp3,,
sample-000995-995.mp3,,
sample-000996-996.mp3,,
sample-000999-999.mp3,,
sample-001000-1000.mp3,,
sample-001002-1002.mp3,,
sample-001003-1003.mp3,,
sample-001004-1004.mp3,,
sample-001005-1005.mp3,,
sample-001006-1006.mp3,,
sample-001008-1008.mp3,,
sample-001009-1009.mp3,,
sample-001010-1010.mp3,,
sample-001011-1011.mp3,,
sample-001012-1012.mp3,,
sample-001013-1013.mp3,,
sample-001014-1014.mp3,,
sample-001015-1015.mp3,,
sample-001016-1016.mp3,,
sample-001017-1017.mp3,,
sample-001018-1018.mp3,,
sample-001019-1019.mp3,,
sample-001020-1020.mp3,,
sample-001021-1021.mp3,,
sample-001022-1022.mp3,,
sample-001023-1023.mp3,,
sample-001024-1024.mp3,,
sample-001025-1025.mp3,,
sample-001026-1026.mp3,,
sample-001028-1028.mp3,,
sample-001029-1029.mp3,,
sample-001030-1030.mp3,,
sample-001031-1031.mp3,,
sample-001033-1033.mp3,,
sample-001034-1034.mp3,,
sample-001036-1036.mp3,,
sample-001037-1037.mp3,,
sample-001038-1038.mp3,,
sample-001039-1039.mp3,,
sample-001040-1040.mp3,,
sample-001043-1043.mp3,,
sample-001044-1044.mp3,,
sample-001045-1045.mp3,,
sample-001046-1046.mp3,,
sample-001048-1048.mp3,,
sample-001051-1051.mp3,,
sample-001052-1052.mp3,,
sample-001053-1053.mp3,,
sample-001054-1054.mp3,,
sample-001055-1055.mp3,,
sample-001056-1056.mp3,,
sample-001057-1057.mp3,,
sample-001058-1058.mp3,,
sample-001059-1059.mp3,,
sample-001060-1060.mp3,,
sample-001061-1061.mp3,,
sample-001062-1062.mp3,,
sample-001063-1063.mp3,,
sample-001064-1064.mp3,,
sample-001066-1066.mp3,,
sample-001067-1067.mp3,,
sample-001069-1069.mp3,,
sample-001070-1070.mp3,,
sample-001071-1071.mp3,,
sample-001072-1072.mp3,,
sample-001073-1073.mp3,,
sample-001074-1074.mp3,,
sample-001078-1078.mp3,,
sample-001079-1079.mp3,,
sample-001080-1080.mp3,,
sample-001081-1081.mp3,,
sample-001083-1083.mp3,,
sample-001084-1084.mp3,,
sample-001085-1085.mp3,,
sample-001086-1086.mp3,,
sample-001088-1088.mp3,,
sample-001089-1089.mp3,,
sample-001091-1091.mp3,,
sample-001092-1092.mp3,,
sample-001093-1093.mp3,,
sample-001094-1094.mp3,,
sample-001096-1096.mp3,,
sample-001097-1097.mp3,,
sample-001098-1098.mp3,,
sample-001099-1099.mp3,,
sample-001100-1100.mp3,,
sample-001101-1101.mp3,,
sample-001103-1103.mp3,,
sample-001104-1104.mp3,,
sample-001105-1105.mp3,,
sample-001106-1106.mp3,,
sample-001107-1107.mp3,,
sample-001109-1109.mp3,,
sample-001110-1110.mp3,,
sample-001112-1112.mp3,,
sample-001114-1114.mp3,,
sample-001115-1115.mp3,,
sample-001116-1116.mp3,,
sample-001117-1117.mp3,,
sample-001118-1118.mp3,,
sample-001119-1119.mp3,,
sample-001120-1120.mp3,,
sample-001121-1121.mp3,,
sample-001122-1122.mp3,,
sample-001123-1123.mp3,,
sample-001124-1124.mp3,,
sample-001125-1125.mp3,,
sample-001126-1126.mp3,,
sample-001127-1127.mp3,,
sample-001128-1128.mp3,,
sample-001129-1129.mp3,,
sample-001131-1131.mp3,,
sample-001132-1132.mp3,,
sample-001135-1135.mp3,,
sample-001136-1136.mp3,,
sample-001137-1137.mp3,,
sample-001139-1139.mp3,,
sample-001140-1140.mp3,,
sample-001141-1141.mp3,,
sample-001143-1143.mp3,,
sample-001145-1145.mp3,,
sample-001146-1146.mp3,,
sample-001147-1147.mp3,,
sample-001149-1149.mp3,,
sample-001150-1150.mp3,,
sample-001152-1152.mp3,,
sample-001153-1153.mp3,,
sample-001154-1154.mp3,,
sample-001155-1155.mp3,,
sample-001156-1156.mp3,,
sample-001157-1157.mp3,,
sample-001160-1160.mp3,,
sample-001161-1161.mp3,,
sample-001162-1162.mp3,,
sample-001163-1163.mp3,,
sample-001164-1164.mp3,,
sample-001165-1165.mp3,,
sample-001167-1167.mp3,,
sample-001168-1168.mp3,,
sample-001169-1169.mp3,,
sample-001170-1170.mp3,,
sample-001171-1171.mp3,,
sample-001172-1172.mp3,,
sample-001174-1174.mp3,,
sample-001175-1175.mp3,,
sample-001176-1176.mp3,,
sample-001177-1177.mp3,,
sample-001178-1178.mp3,,
sample-001180-1180.mp3,,
sample-001181-1181.mp3,,
sample-001183-1183.mp3,,
sample-001185-1185.mp3,,
sample-001186-1186.mp3,,
sample-001187-1187.mp3,,
sample-001188-1188.mp3,,
sample-001189-1189.mp3,,
sample-001190-1190.mp3,,
sample-001191-1191.mp3,,
sample-001192-1192.mp3,,
sample-001193-1193.mp3,,
sample-001194-1194.mp3,,
sample-001196-1196.mp3,,
sample-001197-1197.mp3,,
sample-001198-1198.mp3,,
sample-001199-1199.mp3,,
sample-001200-1200.mp3,,
sample-001201-1201.mp3,,
sample-001203-1203.mp3,,
sample-001204-1204.mp3,,
sample-001205-1205.mp3,,
sample-001206-1206.mp3,,
sample-001207-1207.mp3,,
sample-001208-1208.mp3,,
sample-001209-1209.mp3,,
sample-001210-1210.mp3,,
sample-001211-1211.mp3,,
sample-001212-1212.mp3,,
sample-001213-1213.mp3,,
sample-001215-1215.mp3,,
sample-001216-1216.mp3,,
sample-001217-1217.mp3,,
sample-001218-1218.mp3,,
sample-001219-1219.mp3,,
sample-001220-1220.mp3,,
sample-001224-1224.mp3,,
sample-001225-1225.mp3,,
sample-001227-1227.mp3,,
sample-001228-1228.mp3,,
sample-001229-1229.mp3,,
sample-001230-1230.mp3,,
sample-001232-1232.mp3,,
sample-001233-1233.mp3,,
sample-001234-1234.mp3,,
sample-001236-1236.mp3,,
sample-001237-1237.mp3,,
sample-001238-1238.mp3,,
sample-001239-1239.mp3,,
sample-001241-1241.mp3,,
sample-001242-1242.mp3,,
sample-001243-1243.mp3,,
sample-001244-1244.mp3,,
sample-001245-1245.mp3,,
sample-001246-1246.mp3,,
sample-001248-1248.mp3,,
sample-001249-1249.mp3,,
sample-001250-1250.mp3,,
sample-001251-1251.mp3,,
sample-001253-1253.mp3,,
sample-001254-1254.mp3,,
sample-001255-1255.mp3,,
sample-001257-1257.mp3,,
sample-001258-1258.mp3,,
sample-001259-1259.mp3,,
sample-001260-1260.mp3,,
sample-001262-1262.mp3,,
sample-001266-1266.mp3,,
sample-001267-1267.mp3,,
sample-001268-1268.mp3,,
sample-001269-1269.mp3,,
sample-001270-1270.mp3,,
sample-001271-1271.mp3,,
sample-001272-1272.mp3,,
sample-001274-1274.mp3,,
sample-001275-1275.mp3,,
sample-001276-1276.mp3,,
sample-001277-1277.mp3,,
sample-001278-1278.mp3,,
sample-001279-1279.mp3,,
sample-001281-1281.mp3,,
sample-001282-1282.mp3,,
sample-001283-1283.mp3,,
sample-001284-1284.mp3,,
sample-001285-1285.mp3,,
sample-001286-1286.mp3,,
sample-001287-1287.mp3,,
sample-001288-1288.mp3,,
sample-001289-1289.mp3,,
sample-001290-1290.mp3,,
sample-001291-1291.mp3,,
sample-001292-1292.mp3,,
sample-001293-1293.mp3,,
sample-001294-1294.mp3,,
sample-001295-1295.mp3,,
sample-001296-1296.mp3,,
sample-001298-1298.mp3,,
sample-001299-1299.mp3,,
sample-001300-1300.mp3,,
sample-001301-1301.mp3,,
sample-001302-1302.mp3,,
sample-001304-1304.mp3,,
sample-001305-1305.mp3,,
sample-001309-1309.mp3,,
sample-001310-1310.mp3,,
sample-001312-1312.mp3,,
sample-001313-1313.mp3,,
sample-001314-1314.mp3,,
sample-001315-1315.mp3,,
sample-001316-1316.mp3,,
sample-001317-1317.mp3,,
sample-001318-1318.mp3,,
sample-001319-1319.mp3,,
sample-001320-1320.mp3,,
sample-001321-1321.mp3,,
sample-001322-1322.mp3,,
sample-001323-1323.mp3,,
sample-001324-1324.mp3,,
sample-001325-1325.mp3,,
sample-001326-1326.mp3,,
sample-001327-1327.mp3,,
sample-001328-1328.mp3,,
sample-001329-1329.mp3,,
sample-001330-1330.mp3,,
sample-001331-1331.mp3,,
sample-001334-1334.mp3,,
sample-001335-1335.mp3,,
sample-001336-1336.mp3,,
sample-001337-1337.mp3,,
sample-001338-1338.mp3,,
sample-001339-1339.mp3,,
sample-001340-1340.mp3,,
sample-001342-1342.mp3,,
sample-001343-1343.mp3,,
sample-001344-1344.mp3,,
sample-001347-1347.mp3,,
sample-001348-1348.mp3,,
sample-001350-1350.mp3,,
sample-001351-1351.mp3,,
sample-001352-1352.mp3,,
sample-001353-1353.mp3,,
sample-001354-1354.mp3,,
sample-001355-1355.mp3,,
sample-001356-1356.mp3,,
sample-001357-1357.mp3,,
sample-001358-1358.mp3,,
sample-001359-1359.mp3,,
sample-001360-1360.mp3,,
sample-001361-1361.mp3,,
sample-001363-1363.mp3,,
sample-001365-1365.mp3,,
sample-001366-1366.mp3,,
sample-001367-1367.mp3,,
sample-001368-1368.mp3,,
sample-001369-1369.mp3,,
sample-001370-1370.mp3,,
sample-001372-1372.mp3,,
sample-001373-1373.mp3,,
sample-001374-1374.mp3,,
sample-001375-1375.mp3,,
sample-001376-1376.mp3,,
sample-001378-1378.mp3,,
sample-001379-1379.mp3,,
sample-001380-1380.mp3,,
sample-001381-1381.mp3,,
sample-001383-1383.mp3,,
sample-001385-1385.mp3,,
sample-001386-1386.mp3,,
sample-001387-1387.mp3,,
sample-001388-1388.mp3,,
sample-001389-1389.mp3,,
sample-001390-1390.mp3,,
sample-001393-1393.mp3,,
sample-001395-1395.mp3,,
sample-001396-1396.mp3,,
sample-001397-1397.mp3,,
sample-001398-1398.mp3,,
sample-001399-1399.mp3,,
sample-001400-1400.mp3,,
sample-001402-1402.mp3,,
sample-001403-1403.mp3,,
sample-001405-1405.mp3,,
sample-001406-1406.mp3,,
sample-001407-1407.mp3,,
sample-001408-1408.mp3,,
sample-001410-1410.mp3,,
sample-001411-1411.mp3,,
sample-001412-1412.mp3,,
sample-001413-1413.mp3,,
sample-001414-1414.mp3,,
sample-001415-1415.mp3,,
sample-001416-1416.mp3,,
sample-001417-1417.mp3,,
sample-001418-1418.mp3,,
sample-001419-1419.mp3,,
sample-001421-1421.mp3,,
sample-001424-1424.mp3,,
sample-001427-1427.mp3,,
sample-001428-1428.mp3,,
sample-001429-1429.mp3,,
sample-001430-1430.mp3,,
sample-001431-1431.mp3,,
sample-001432-1432.mp3,,
sample-001433-1433.mp3,,
sample-001434-1434.mp3,,
sample-001435-1435.mp3,,
sample-001436-1436.mp3,,
sample-001437-1437.mp3,,
sample-001438-1438.mp3,,
sample-001439-1439.mp3,,
sample-001440-1440.mp3,,
sample-001441-1441.mp3,,
sample-001442-1442.mp3,,
sample-001443-1443.mp3,,
sample-001445-1445.mp3,,
sample-001446-1446.mp3,,
sample-001447-1447.mp3,,
sample-001448-1448.mp3,,
sample-001450-1450.mp3,,
sample-001451-1451.mp3,,
sample-001452-1452.mp3,,
sample-001454-1454.mp3,,
sample-001455-1455.mp3,,
sample-001456-1456.mp3,,
sample-001457-1457.mp3,,
sample-001458-1458.mp3,,
sample-001459-1459.mp3,,
sample-001460-1460.mp3,,
sample-001463-1463.mp3,,
sample-001464-1464.mp3,,
sample-001465-1465.mp3,,
sample-001466-1466.mp3,,
sample-001467-1467.mp3,,
sample-001468-1468.mp3,,
sample-001472-1472.mp3,,
sample-001473-1473.mp3,,
sample-001474-1474.mp3,,
sample-001475-1475.mp3,,
sample-001476-1476.mp3,,
sample-001477-1477.mp3,,
sample-001478-1478.mp3,,
sample-001479-1479.mp3,,
sample-001480-1480.mp3,,
sample-001481-1481.mp3,,
sample-001482-1482.mp3,,
sample-001484-1484.mp3,,
sample-001485-1485.mp3,,
sample-001486-1486.mp3,,
sample-001487-1487.mp3,,
sample-001488-1488.mp3,,
sample-001489-1489.mp3,,
sample-001493-1493.mp3,,
sample-001494-1494.mp3,,
sample-001496-1496.mp3,,
sample-001497-1497.mp3,,
sample-001498-1498.mp3,,
sample-001499-1499.mp3,,
sample-001500-1500.mp3,,
sample-001501-1501.mp3,,
sample-001503-1503.mp3,,
sample-001504-1504.mp3,,
sample-001505-1505.mp3,,
sample-001507-1507.mp3,,
sample-001508-1508.mp3,,
sample-001509-1509.mp3,,
sample-001510-1510.mp3,,
sample-001511-1511.mp3,,
sample-001512-1512.mp3,,
sample-001513-1513.mp3,,
sample-001514-1514.mp3,,
sample-001515-1515.mp3,,
sample-001516-1516.mp3,,
sample-001517-1517.mp3,,
sample-001518-1518.mp3,,
sample-001520-1520.mp3,,
sample-001521-1521.mp3,,
sample-001522-1522.mp3,,
sample-001523-1523.mp3,,
sample-001524-1524.mp3,,
sample-001526-1526.mp3,,
sample-001527-1527.mp3,,
sample-001528-1528.mp3,,
sample-001529-1529.mp3,,
sample-001530-1530.mp3,,
sample-001531-1531.mp3,,
sample-001533-1533.mp3,,
sample-001534-1534.mp3,,
sample-001535-1535.mp3,,
sample-001536-1536.mp3,,
sample-001537-1537.mp3,,
sample-001538-1538.mp3,,
sample-001539-1539.mp3,,
sample-001540-1540.mp3,,
sample-001542-1542.mp3,,
sample-001543-1543.mp3,,
sample-001544-1544.mp3,,
sample-001545-1545.mp3,,
sample-001546-1546.mp3,,
sample-001547-1547.mp3,,
sample-001548-1548.mp3,,
sample-001550-1550.mp3,,
sample-001553-1553.mp3,,
sample-001555-1555.mp3,,
sample-001556-1556.mp3,,
sample-001557-1557.mp3,,
sample-001558-1558.mp3,,
sample-001559-1559.mp3,,
sample-001560-1560.mp3,,
sample-001561-1561.mp3,,
sample-001562-1562.mp3,,
sample-001563-1563.mp3,,
sample-001564-1564.mp3,,
sample-001565-1565.mp3,,
sample-001566-1566.mp3,,
sample-001567-1567.mp3,,
sample-001568-1568.mp3,,
sample-001569-1569.mp3,,
sample-001570-1570.mp3,,
sample-001571-1571.mp3,,
sample-001574-1574.mp3,,
sample-001575-1575.mp3,,
sample-001576-1576.mp3,,
sample-001578-1578.mp3,,
sample-001580-1580.mp3,,
sample-001581-1581.mp3,,
sample-001582-1582.mp3,,
sample-001583-1583.mp3,,
sample-001584-1584.mp3,,
sample-001585-1585.mp3,,
sample-001586-1586.mp3,,
sample-001588-1588.mp3,,
sample-001589-1589.mp3,,
sample-001590-1590.mp3,,
sample-001591-1591.mp3,,
sample-001592-1592.mp3,,
sample-001593-1593.mp3,,
sample-001595-1595.mp3,,
sample-001596-1596.mp3,,
sample-001597-1597.mp3,,
sample-001598-1598.mp3,,
sample-001599-1599.mp3,,
sample-001600-1600.mp3,,
sample-001601-1601.mp3,,
sample-001602-1602.mp3,,
sample-001605-1605.mp3,,
sample-001606-1606.mp3,,
sample-001607-1607.mp3,,
sample-001608-1608.mp3,,
sample-001610-1610.mp3,,
sample-001611-1611.mp3,,
sample-001612-1612.mp3,,
sample-001613-1613.mp3,,
sample-001614-1614.mp3,,
sample-001615-1615.mp3,,
sample-001616-1616.mp3,,
sample-001617-1617.mp3,,
sample-001618-1618.mp3,,
sample-001619-1619.mp3,,
sample-001620-1620.mp3,,
sample-001623-1623.mp3,,
sample-001624-1624.mp3,,
sample-001625-1625.mp3,,
sample-001626-1626.mp3,,
sample-001627-1627.mp3,,
sample-001628-1628.mp3,,
sample-001630-1630.mp3,,
sample-001631-1631.mp3,,
sample-001632-1632.mp3,,
sample-001633-1633.mp3,,
sample-001634-1634.mp3,,
sample-001635-1635.mp3,,
sample-001636-1636.mp3,,
sample-001637-1637.mp3,,
sample-001639-1639.mp3,,
sample-001640-1640.mp3,,
sample-001641-1641.mp3,,
sample-001642-1642.mp3,,
sample-001643-1643.mp3,,
sample-001644-1644.mp3,,
sample-001645-1645.mp3,,
sample-001646-1646.mp3,,
sample-001647-1647.mp3,,
sample-001648-1648.mp3,,
sample-001649-1649.mp3,,
sample-001650-1650.mp3,,
sample-001652-1652.mp3,,
sample-001653-1653.mp3,,
sample-001654-1654.mp3,,
sample-001655-1655.mp3,,
sample-001656-1656.mp3,,
sample-001658-1658.mp3,,
sample-001660-1660.mp3,,
sample-001661-1661.mp3,,
sample-001662-1662.mp3,,
sample-001663-1663.mp3,,
sample-001664-1664.mp3,,
sample-001665-1665.mp3,,
sample-001668-1668.mp3,,
sample-001669-1669.mp3,,
sample-001670-1670.mp3,,
sample-001671-1671.mp3,,
sample-001674-1674.mp3,,
sample-001675-1675.mp3,,
sample-001677-1677.mp3,,
sample-001681-1681.mp3,,
sample-001682-1682.mp3,,
sample-001683-1683.mp3,,
sample-001684-1684.mp3,,
sample-001686-1686.mp3,,
sample-001688-1688.mp3,,
sample-001689-1689.mp3,,
sample-001691-1691.mp3,,
sample-001693-1693.mp3,,
sample-001695-1695.mp3,,
sample-001696-1696.mp3,,
sample-001698-1698.mp3,,
sample-001699-1699.mp3,,
sample-001700-1700.mp3,,
sample-001701-1701.mp3,,
sample-001702-1702.mp3,,
sample-001703-1703.mp3,,
sample-001704-1704.mp3,,
sample-001705-1705.mp3,,
sample-001706-1706.mp3,,
sample-001707-1707.mp3,,
sample-001708-1708.mp3,,
sample-001709-1709.mp3,,
sample-001710-1710.mp3,,
sample-001711-1711.mp3,,
sample-001712-1712.mp3,,
sample-001713-1713.mp3,,
sample-001714-1714.mp3,,
sample-001715-1715.mp3,,
sample-001716-1716.mp3,,
sample-001717-1717.mp3,,
sample-001718-1718.mp3,,
sample-001719-1719.mp3,,
sample-001720-1720.mp3,,
sample-001721-1721.mp3,,
sample-001722-1722.mp3,,
sample-001723-1723.mp3,,
sample-001724-1724.mp3,,
sample-001725-1725.mp3,,
sample-001726-1726.mp3,,
sample-001727-1727.mp3,,
sample-001728-1728.mp3,,
sample-001729-1729.mp3,,
sample-001730-1730.mp3,,
sample-001732-1732.mp3,,
sample-001733-1733.mp3,,
sample-001734-1734.mp3,,
sample-001735-1735.mp3,,
sample-001736-1736.mp3,,
sample-001737-1737.mp3,,
sample-001738-1738.mp3,,
sample-001739-1739.mp3,,
sample-001740-1740.mp3,,
sample-001741-1741.mp3,,
sample-001742-1742.mp3,,
sample-001744-1744.mp3,,
sample-001748-1748.mp3,,
sample-001749-1749.mp3,,
sample-001750-1750.mp3,,
sample-001751-1751.mp3,,
sample-001752-1752.mp3,,
sample-001753-1753.mp3,,
sample-001757-1757.mp3,,
sample-001758-1758.mp3,,
sample-001759-1759.mp3,,
sample-001761-1761.mp3,,
sample-001762-1762.mp3,,
sample-001763-1763.mp3,,
sample-001764-1764.mp3,,
sample-001765-1765.mp3,,
sample-001766-1766.mp3,,
sample-001767-1767.mp3,,
sample-001768-1768.mp3,,
sample-001771-1771.mp3,,
sample-001773-1773.mp3,,
sample-001774-1774.mp3,,
sample-001775-1775.mp3,,
sample-001776-1776.mp3,,
sample-001777-1777.mp3,,
sample-001778-1778.mp3,,
sample-001780-1780.mp3,,
sample-001781-1781.mp3,,
sample-001782-1782.mp3,,
sample-001784-1784.mp3,,
sample-001785-1785.mp3,,
sample-001786-1786.mp3,,
sample-001787-1787.mp3,,
sample-001788-1788.mp3,,
sample-001789-1789.mp3,,
sample-001790-1790.mp3,,
sample-001791-1791.mp3,,
sample-001792-1792.mp3,,
sample-001793-1793.mp3,,
sample-001794-1794.mp3,,
sample-001795-1795.mp3,,
sample-001796-1796.mp3,,
sample-001797-1797.mp3,,
sample-001798-1798.mp3,,
sample-001799-1799.mp3,,
sample-001800-1800.mp3,,
sample-001801-1801.mp3,,
sample-001802-1802.mp3,,
sample-001803-1803.mp3,,
sample-001805-1805.mp3,,
sample-001806-1806.mp3,,
sample-001807-1807.mp3,,
sample-001808-1808.mp3,,
sample-001809-1809.mp3,,
sample-001810-1810.mp3,,
sample-001811-1811.mp3,,
sample-001812-1812.mp3,,
sample-001815-1815.mp3,,
sample-001817-1817.mp3,,
sample-001818-1818.mp3,,
sample-001819-1819.mp3,,
sample-001820-1820.mp3,,
sample-001821-1821.mp3,,
sample-001822-1822.mp3,,
sample-001823-1823.mp3,,
sample-001824-1824.mp3,,
sample-001825-1825.mp3,,
sample-001826-1826.mp3,,
sample-001828-1828.mp3,,
sample-001829-1829.mp3,,
sample-001830-1830.mp3,,
sample-001832-1832.mp3,,
sample-001834-1834.mp3,,
sample-001835-1835.mp3,,
sample-001836-1836.mp3,,
sample-001837-1837.mp3,,
sample-001838-1838.mp3,,
sample-001839-1839.mp3,,
sample-001840-1840.mp3,,
sample-001841-1841.mp3,,
sample-001843-1843.mp3,,
sample-001844-1844.mp3,,
sample-001845-1845.mp3,,
sample-001846-1846.mp3,,
sample-001847-1847.mp3,,
sample-001848-1848.mp3,,
sample-001850-1850.mp3,,
sample-001851-1851.mp3,,
sample-001852-1852.mp3,,
sample-001854-1854.mp3,,
sample-001855-1855.mp3,,
sample-001856-1856.mp3,,
sample-001857-1857.mp3,,
sample-001858-1858.mp3,,
sample-001859-1859.mp3,,
sample-001860-1860.mp3,,
sample-001861-1861.mp3,,
sample-001862-1862.mp3,,
sample-001863-1863.mp3,,
sample-001864-1864.mp3,,
sample-001865-1865.mp3,,
sample-001866-1866.mp3,,
sample-001867-1867.mp3,,
sample-001869-1869.mp3,,
sample-001870-1870.mp3,,
sample-001872-1872.mp3,,
sample-001875-1875.mp3,,
sample-001876-1876.mp3,,
sample-001877-1877.mp3,,
sample-001878-1878.mp3,,
sample-001879-1879.mp3,,
sample-001880-1880.mp3,,
sample-001881-1881.mp3,,
sample-001882-1882.mp3,,
sample-001883-1883.mp3,,
sample-001887-1887.mp3,,
sample-001888-1888.mp3,,
sample-001889-1889.mp3,,
sample-001891-1891.mp3,,
sample-001892-1892.mp3,,
sample-001893-1893.mp3,,
sample-001894-1894.mp3,,
sample-001895-1895.mp3,,
sample-001896-1896.mp3,,
sample-001897-1897.mp3,,
sample-001898-1898.mp3,,
sample-001899-1899.mp3,,
sample-001900-1900.mp3,,
sample-001901-1901.mp3,,
sample-001902-1902.mp3,,
sample-001903-1903.mp3,,
sample-001904-1904.mp3,,
sample-001905-1905.mp3,,
sample-001906-1906.mp3,,
sample-001907-1907.mp3,,
sample-001908-1908.mp3,,
sample-001909-1909.mp3,,
sample-001911-1911.mp3,,
sample-001912-1912.mp3,,
sample-001913-1913.mp3,,
sample-001915-1915.mp3,,
sample-001916-1916.mp3,,
sample-001917-1917.mp3,,
sample-001918-1918.mp3,,
sample-001919-1919.mp3,,
sample-001920-1920.mp3,,
sample-001921-1921.mp3,,
sample-001922-1922.mp3,,
sample-001923-1923.mp3,,
sample-001925-1925.mp3,,
sample-001927-1927.mp3,,
sample-001928-1928.mp3,,
sample-001929-1929.mp3,,
sample-001930-1930.mp3,,
sample-001931-1931.mp3,,
sample-001932-1932.mp3,,
sample-001933-1933.mp3,,
sample-001934-1934.mp3,,
sample-001936-1936.mp3,,
sample-001937-1937.mp3,,
sample-001938-1938.mp3,,
sample-001939-1939.mp3,,
sample-001940-1940.mp3,,
sample-001941-1941.mp3,,
sample-001942-1942.mp3,,
sample-001943-1943.mp3,,
sample-001944-1944.mp3,,
sample-001945-1945.mp3,,
sample-001946-1946.mp3,,
sample-001948-1948.mp3,,
sample-001949-1949.mp3,,
sample-001950-1950.mp3,,
sample-001951-1951.mp3,,
sample-001952-1952.mp3,,
sample-001954-1954.mp3,,
sample-001955-1955.mp3,,
sample-001957-1957.mp3,,
sample-001958-1958.mp3,,
sample-001959-1959.mp3,,
sample-001960-1960.mp3,,
sample-001961-1961.mp3,,
sample-001962-1962.mp3,,
sample-001963-1963.mp3,,
sample-001964-1964.mp3,,
sample-001965-1965.mp3,,
sample-001966-1966.mp3,,
sample-001968-1968.mp3,,
sample-001969-1969.mp3,,
sample-001970-1970.mp3,,
sample-001971-1971.mp3,,
sample-001972-1972.mp3,,
sample-001973-1973.mp3,,
sample-001974-1974.mp3,,
sample-001975-1975.mp3,,
sample-001976-1976.mp3,,
sample-001979-1979.mp3,,
sample-001980-1980.mp3,,
sample-001981-1981.mp3,,
sample-001982-1982.mp3,,
sample-001983-1983.mp3,,
sample-001984-1984.mp3,,
sample-001985-1985.mp3,,
sample-001986-1986.mp3,,
sample-001987-1987.mp3,,
sample-001988-1988.mp3,,
sample-001990-1990.mp3,,
sample-001993-1993.mp3,,
sample-001994-1994.mp3,,
sample-001995-1995.mp3,,
sample-001996-1996.mp3,,
sample-001997-1997.mp3,,
sample-001998-1998.mp3,,
sample-001999-1999.mp3,,
sample-002000-2000.mp3,,
sample-002001-2001.mp3,,
sample-002003-2003.mp3,,
sample-002004-2004.mp3,,
sample-002005-2005.mp3,,
sample-002006-2006.mp3,,
sample-002007-2007.mp3,,
sample-002009-2009.mp3,,
sample-002010-2010.mp3,,
sample-002012-2012.mp3,,
sample-002013-2013.mp3,,
sample-002014-2014.mp3,,
sample-002015-2015.mp3,,
sample-002016-2016.mp3,,
sample-002017-2017.mp3,,
sample-002018-2018.mp3,,
sample-002019-2019.mp3,,
sample-002021-2021.mp3,,
sample-002022-2022.mp3,,
sample-002023-2023.mp3,,
sample-002024-2024.mp3,,
sample-002025-2025.mp3,,
sample-002026-2026.mp3,,
sample-002027-2027.mp3,,
sample-002028-2028.mp3,,
sample-002029-2029.mp3,,
sample-002030-2030.mp3,,
sample-002031-2031.mp3,,
sample-002032-2032.mp3,,
sample-002033-2033.mp3,,
sample-002034-2034.mp3,,
sample-002035-2035.mp3,,
sample-002036-2036.mp3,,
sample-002037-2037.mp3,,
sample-002038-2038.mp3,,
sample-002039-2039.mp3,,
sample-002040-2040.mp3,,
sample-002041-2041.mp3,,
sample-002042-2042.mp3,,
sample-002043-2043.mp3,,
sample-002045-2045.mp3,,
sample-002047-2047.mp3,,
sample-002048-2048.mp3,,
sample-002049-2049.mp3,,
sample-002050-2050.mp3,,
sample-002051-2051.mp3,,
sample-002052-2052.mp3,,
sample-002054-2054.mp3,,
sample-002055-2055.mp3,,
sample-002058-2058.mp3,,
sample-002059-2059.mp3,,
sample-002060-2060.mp3,,
sample-002061-2061.mp3,,
sample-002062-2062.mp3,,
sample-002063-2063.mp3,,
sample-002064-2064.mp3,,
sample-002065-2065.mp3,,
sample-002066-2066.mp3,,
sample-002067-2067.mp3,,
sample-002068-2068.mp3,,
sample-002069-2069.mp3,,
sample-002070-2070.mp3,,
sample-002071-2071.mp3,,
sample-002072-2072.mp3,,
sample-002073-2073.mp3,,
sample-002074-2074.mp3,,
sample-002075-2075.mp3,,
sample-002076-2076.mp3,,
sample-002077-2077.mp3,,
sample-002078-2078.mp3,,
sample-002080-2080.mp3,,
sample-002081-2081.mp3,,
sample-002082-2082.mp3,,
sample-002083-2083.mp3,,
sample-002084-2084.mp3,,
sample-002085-2085.mp3,,
sample-002086-2086.mp3,,
sample-002087-2087.mp3,,
sample-002088-2088.mp3,,
sample-002089-2089.mp3,,
sample-002090-2090.mp3,,
sample-002092-2092.mp3,,
sample-002093-2093.mp3,,
sample-002094-2094.mp3,,
sample-002095-2095.mp3,,
sample-002097-2097.mp3,,
sample-002098-2098.mp3,,
sample-002099-2099.mp3,,
sample-002100-2100.mp3,,
sample-002101-2101.mp3,,
sample-002102-2102.mp3,,
sample-002103-2103.mp3,,
sample-002104-2104.mp3,,
sample-002105-2105.mp3,,
sample-002107-2107.mp3,,
sample-002108-2108.mp3,,
sample-002109-2109.mp3,,
sample-002110-2110.mp3,,
sample-002112-2112.mp3,,
sample-002113-2113.mp3,,
sample-002115-2115.mp3,,
sample-002116-2116.mp3,,
sample-002117-2117.mp3,,
sample-002118-2118.mp3,,
sample-002119-2119.mp3,,
sample-002120-2120.mp3,,
sample-002121-2121.mp3,,
sample-002122-2122.mp3,,
sample-002123-2123.mp3,,
sample-002124-2124.mp3,,
sample-002125-2125.mp3,,
sample-002126-2126.mp3,,
sample-002127-2127.mp3,,
sample-002129-2129.mp3,,
sample-002130-2130.mp3,,
sample-002131-2131.mp3,,
sample-002132-2132.mp3,,
sample-002133-2133.mp3,,
sample-002134-2134.mp3,,
sample-002135-2135.mp3,,
sample-002136-2136.mp3,,
sample-002137-2137.mp3,,
sample-002138-2138.mp3,,
sample-002140-2140.mp3,,
sample-002141-2141.mp3,,
sample-002142-2142.mp3,,
sample-002143-2143.mp3,,
sample-002144-2144.mp3,,
sample-002145-2145.mp3,,
sample-002146-2146.mp3,,
sample-002147-2147.mp3,,
sample-002148-2148.mp3,,
sample-002150-2150.mp3,,
sample-002151-2151.mp3,,
sample-002152-2152.mp3,,
sample-002153-2153.mp3,,
sample-002154-2154.mp3,,
sample-002155-2155.mp3,,
sample-002157-2157.mp3,,
sample-002158-2158.mp3,,
sample-002159-2159.mp3,,
sample-002160-2160.mp3,,
sample-002161-2161.mp3,,
sample-002162-2162.mp3,,
sample-002163-2163.mp3,,
sample-002165-2165.mp3,,
sample-002166-2166.mp3,,
sample-002167-2167.mp3,,
sample-002169-2169.mp3,,
sample-002170-2170.mp3,,
sample-002172-2172.mp3,,
sample-002173-2173.mp3,,
sample-002174-2174.mp3,,
sample-002176-2176.mp3,,
sample-002179-2179.mp3,,
sample-002180-2180.mp3,,
sample-002181-2181.mp3,,
sample-002182-2182.mp3,,
sample-002185-2185.mp3,,
sample-002187-2187.mp3,,
sample-002188-2188.mp3,,
sample-002191-2191.mp3,,
sample-002192-2192.mp3,,
sample-002194-2194.mp3,,
sample-002195-2195.mp3,,
sample-002196-2196.mp3,,
sample-002198-2198.mp3,,
sample-002199-2199.mp3,,
sample-002200-2200.mp3,,
sample-002202-2202.mp3,,
sample-002203-2203.mp3,,
sample-002205-2205.mp3,,
sample-002206-2206.mp3,,
sample-002207-2207.mp3,,
sample-002209-2209.mp3,,
sample-002211-2211.mp3,,
sample-002213-2213.mp3,,
sample-002214-2214.mp3,,
sample-002215-2215.mp3,,
sample-002217-2217.mp3,,
sample-002218-2218.mp3,,
sample-002219-2219.mp3,,
sample-002220-2220.mp3,,
sample-002221-2221.mp3,,
sample-002224-2224.mp3,,
sample-002227-2227.mp3,,
sample-002230-2230.mp3,,
sample-002231-2231.mp3,,
sample-002232-2232.mp3,,
sample-002233-2233.mp3,,
sample-002234-2234.mp3,,
sample-002235-2235.mp3,,
sample-002236-2236.mp3,,
sample-002238-2238.mp3,,
sample-002239-2239.mp3,,
sample-002240-2240.mp3,,
sample-002241-2241.mp3,,
sample-002243-2243.mp3,,
sample-002245-2245.mp3,,
sample-002246-2246.mp3,,
sample-002247-2247.mp3,,
sample-002248-2248.mp3,,
sample-002249-2249.mp3,,
sample-002250-2250.mp3,,
sample-002254-2254.mp3,,
sample-002256-2256.mp3,,
sample-002257-2257.mp3,,
sample-002258-2258.mp3,,
sample-002259-2259.mp3,,
sample-002261-2261.mp3,,
sample-002262-2262.mp3,,
sample-002263-2263.mp3,,
sample-002264-2264.mp3,,
sample-002265-2265.mp3,,
sample-002266-2266.mp3,,
sample-002267-2267.mp3,,
sample-002268-2268.mp3,,
sample-002269-2269.mp3,,
sample-002270-2270.mp3,,
sample-002271-2271.mp3,,
sample-002272-2272.mp3,,
sample-002273-2273.mp3,,
sample-002274-2274.mp3,,
sample-002275-2275.mp3,,
sample-002276-2276.mp3,,
sample-002277-2277.mp3,,
sample-002278-2278.mp3,,
sample-002280-2280.mp3,,
sample-002282-2282.mp3,,
sample-002283-2283.mp3,,
sample-002284-2284.mp3,,
sample-002286-2286.mp3,,
sample-002287-2287.mp3,,
sample-002288-2288.mp3,,
sample-002289-2289.mp3,,
sample-002290-2290.mp3,,
sample-002292-2292.mp3,,
sample-002293-2293.mp3,,
sample-002294-2294.mp3,,
sample-002295-2295.mp3,,
sample-002296-2296.mp3,,
sample-002298-2298.mp3,,
sample-002299-2299.mp3,,
sample-002300-2300.mp3,,
sample-002302-2302.mp3,,
sample-002305-2305.mp3,,
sample-002306-2306.mp3,,
sample-002307-2307.mp3,,
sample-002308-2308.mp3,,
sample-002310-2310.mp3,,
sample-002311-2311.mp3,,
sample-002312-2312.mp3,,
sample-002313-2313.mp3,,
sample-002314-2314.mp3,,
sample-002315-2315.mp3,,
sample-002316-2316.mp3,,
sample-002317-2317.mp3,,
sample-002318-2318.mp3,,
sample-002319-2319.mp3,,
sample-002320-2320.mp3,,
sample-002321-2321.mp3,,
sample-002323-2323.mp3,,
sample-002324-2324.mp3,,
sample-002325-2325.mp3,,
sample-002326-2326.mp3,,
sample-002328-2328.mp3,,
sample-002329-2329.mp3,,
sample-002330-2330.mp3,,
sample-002331-2331.mp3,,
sample-002332-2332.mp3,,
sample-002333-2333.mp3,,
sample-002334-2334.mp3,,
sample-002335-2335.mp3,,
sample-002336-2336.mp3,,
sample-002337-2337.mp3,,
sample-002338-2338.mp3,,
sample-002340-2340.mp3,,
sample-002341-2341.mp3,,
sample-002342-2342.mp3,,
sample-002343-2343.mp3,,
sample-002344-2344.mp3,,
sample-002345-2345.mp3,,
sample-002346-2346.mp3,,
sample-002347-2347.mp3,,
sample-002348-2348.mp3,,
sample-002350-2350.mp3,,
sample-002351-2351.mp3,,
sample-002352-2352.mp3,,
sample-002353-2353.mp3,,
sample-002354-2354.mp3,,
sample-002355-2355.mp3,,
sample-002356-2356.mp3,,
sample-002357-2357.mp3,,
sample-002358-2358.mp3,,
sample-002359-2359.mp3,,
sample-002360-2360.mp3,,
sample-002361-2361.mp3,,
sample-002362-2362.mp3,,
sample-002363-2363.mp3,,
sample-002364-2364.mp3,,
sample-002365-2365.mp3,,
sample-002366-2366.mp3,,
sample-002367-2367.mp3,,
sample-002368-2368.mp3,,
sample-002372-2372.mp3,,
sample-002373-2373.mp3,,
sample-002374-2374.mp3,,
sample-002375-2375.mp3,,
sample-002376-2376.mp3,,
sample-002377-2377.mp3,,
sample-002378-2378.mp3,,
sample-002379-2379.mp3,,
sample-002380-2380.mp3,,
sample-002381-2381.mp3,,
sample-002382-2382.mp3,,
sample-002383-2383.mp3,,
sample-002384-2384.mp3,,
sample-002385-2385.mp3,,
sample-002386-2386.mp3,,
sample-002387-2387.mp3,,
sample-002388-2388.mp3,,
sample-002389-2389.mp3,,
sample-002390-2390.mp3,,
sample-002391-2391.mp3,,
sample-002392-2392.mp3,,
sample-002393-2393.mp3,,
sample-002394-2394.mp3,,
sample-002396-2396.mp3,,
sample-002397-2397.mp3,,
sample-002398-2398.mp3,,
sample-002399-2399.mp3,,
sample-002400-2400.mp3,,
sample-002401-2401.mp3,,
sample-002402-2402.mp3,,
sample-002403-2403.mp3,,
sample-002405-2405.mp3,,
sample-002406-2406.mp3,,
sample-002407-2407.mp3,,
sample-002408-2408.mp3,,
sample-002409-2409.mp3,,
sample-002410-2410.mp3,,
sample-002411-2411.mp3,,
sample-002413-2413.mp3,,
sample-002415-2415.mp3,,
sample-002416-2416.mp3,,
sample-002417-2417.mp3,,
sample-002419-2419.mp3,,
sample-002420-2420.mp3,,
sample-002422-2422.mp3,,
sample-002423-2423.mp3,,
sample-002424-2424.mp3,,
sample-002425-2425.mp3,,
sample-002426-2426.mp3,,
sample-002427-2427.mp3,,
sample-002428-2428.mp3,,
sample-002430-2430.mp3,,
sample-002431-2431.mp3,,
sample-002432-2432.mp3,,
sample-002434-2434.mp3,,
sample-002435-2435.mp3,,
sample-002438-2438.mp3,,
sample-002439-2439.mp3,,
sample-002441-2441.mp3,,
sample-002442-2442.mp3,,
sample-002443-2443.mp3,,
sample-002445-2445.mp3,,
sample-002446-2446.mp3,,
sample-002447-2447.mp3,,
sample-002448-2448.mp3,,
sample-002449-2449.mp3,,
sample-002450-2450.mp3,,
sample-002451-2451.mp3,,
sample-002452-2452.mp3,,
sample-002453-2453.mp3,,
sample-002454-2454.mp3,,
sample-002455-2455.mp3,,
sample-002456-2456.mp3,,
sample-002457-2457.mp3,,
sample-002458-2458.mp3,,
sample-002459-2459.mp3,,
sample-002461-2461.mp3,,
sample-002462-2462.mp3,,
sample-002463-2463.mp3,,
sample-002464-2464.mp3,,
sample-002465-2465.mp3,,
sample-002466-2466.mp3,,
sample-002467-2467.mp3,,
sample-002469-2469.mp3,,
sample-002470-2470.mp3,,
sample-002471-2471.mp3,,
sample-002472-2472.mp3,,
sample-002473-2473.mp3,,
sample-002474-2474.mp3,,
sample-002475-2475.mp3,,
sample-002476-2476.mp3,,
sample-002478-2478.mp3,,
sample-002479-2479.mp3,,
sample-002480-2480.mp3,,
sample-002481-2481.mp3,,
sample-002482-2482.mp3,,
sample-002483-2483.mp3,,
sample-002484-2484.mp3,,
sample-002485-2485.mp3,,
sample-002486-2486.mp3,,
sample-002488-2488.mp3,,
sample-002489-2489.mp3,,
sample-002490-2490.mp3,,
sample-002492-2492.mp3,,
sample-002494-2494.mp3,,
sample-002496-2496.mp3,,
sample-002497-2497.mp3,,
sample-002498-2498.mp3,,
sample-002499-2499.mp3,,
sample-002500-2500.mp3,,
sample-002501-2501.mp3,,
sample-002502-2502.mp3,,
sample-002503-2503.mp3,,
sample-002504-2504.mp3,,
sample-002505-2505.mp3,,
sample-002506-2506.mp3,,
sample-002507-2507.mp3,,
sample-002508-2508.mp3,,
sample-002509-2509.mp3,,
sample-002512-2512.mp3,,
sample-002513-2513.mp3,,
sample-002514-2514.mp3,,
sample-002515-2515.mp3,,
sample-002516-2516.mp3,,
sample-002517-2517.mp3,,
sample-002518-2518.mp3,,
sample-002521-2521.mp3,,
sample-002522-2522.mp3,,
sample-002523-2523.mp3,,
sample-002524-2524.mp3,,
sample-002525-2525.mp3,,
sample-002526-2526.mp3,,
sample-002528-2528.mp3,,
sample-002529-2529.mp3,,
sample-002530-2530.mp3,,
sample-002531-2531.mp3,,
sample-002532-2532.mp3,,
sample-002533-2533.mp3,,
sample-002535-2535.mp3,,
sample-002536-2536.mp3,,
sample-002537-2537.mp3,,
sample-002538-2538.mp3,,
sample-002540-2540.mp3,,
sample-002541-2541.mp3,,
sample-002542-2542.mp3,,
sample-002543-2543.mp3,,
sample-002544-2544.mp3,,
sample-002545-2545.mp3,,
sample-002548-2548.mp3,,
sample-002549-2549.mp3,,
sample-002550-2550.mp3,,
sample-002551-2551.mp3,,
sample-002553-2553.mp3,,
sample-002554-2554.mp3,,
sample-002555-2555.mp3,,
sample-002556-2556.mp3,,
sample-002558-2558.mp3,,
sample-002559-2559.mp3,,
sample-002560-2560.mp3,,
sample-002561-2561.mp3,,
sample-002562-2562.mp3,,
sample-002563-2563.mp3,,
sample-002564-2564.mp3,,
sample-002565-2565.mp3,,
sample-002566-2566.mp3,,
sample-002567-2567.mp3,,
sample-002569-2569.mp3,,
sample-002570-2570.mp3,,
sample-002571-2571.mp3,,
sample-002572-2572.mp3,,
sample-002573-2573.mp3,,
sample-002574-2574.mp3,,
sample-002575-2575.mp3,,
sample-002576-2576.mp3,,
sample-002577-2577.mp3,,
sample-002579-2579.mp3,,
sample-002580-2580.mp3,,
sample-002582-2582.mp3,,
sample-002583-2583.mp3,,
sample-002584-2584.mp3,,
sample-002585-2585.mp3,,
sample-002586-2586.mp3,,
sample-002587-2587.mp3,,
sample-002588-2588.mp3,,
sample-002589-2589.mp3,,
sample-002591-2591.mp3,,
sample-002593-2593.mp3,,
sample-002594-2594.mp3,,
sample-002597-2597.mp3,,
sample-002598-2598.mp3,,
sample-002600-2600.mp3,,
sample-002602-2602.mp3,,
sample-002603-2603.mp3,,
sample-002604-2604.mp3,,
sample-002605-2605.mp3,,
sample-002606-2606.mp3,,
sample-002607-2607.mp3,,
sample-002608-2608.mp3,,
sample-002609-2609.mp3,,
sample-002610-2610.mp3,,
sample-002611-2611.mp3,,
sample-002612-2612.mp3,,
sample-002613-2613.mp3,,
sample-002614-2614.mp3,,
sample-002615-2615.mp3,,
sample-002616-2616.mp3,,
sample-002617-2617.mp3,,
sample-002618-2618.mp3,,
sample-002619-2619.mp3,,
sample-002620-2620.mp3,,
sample-002621-2621.mp3,,
sample-002624-2624.mp3,,
sample-002626-2626.mp3,,
sample-002628-2628.mp3,,
sample-002630-2630.mp3,,
sample-002631-2631.mp3,,
sample-002632-2632.mp3,,
sample-002633-2633.mp3,,
sample-002634-2634.mp3,,
sample-002635-2635.mp3,,
sample-002636-2636.mp3,,
sample-002638-2638.mp3,,
sample-002639-2639.mp3,,
sample-002640-2640.mp3,,
sample-002641-2641.mp3,,
sample-002642-2642.mp3,,
sample-002643-2643.mp3,,
sample-002644-2644.mp3,,
sample-002645-2645.mp3,,
sample-002647-2647.mp3,,
sample-002648-2648.mp3,,
sample-002649-2649.mp3,,
sample-002651-2651.mp3,,
sample-002652-2652.mp3,,
sample-002653-2653.mp3,,
sample-002654-2654.mp3,,
sample-002655-2655.mp3,,
sample-002656-2656.mp3,,
sample-002657-2657.mp3,,
sample-002659-2659.mp3,,
sample-002660-2660.mp3,,
sample-002661-2661.mp3,,
sample-002662-2662.mp3,,
sample-002664-2664.mp3,,
sample-002665-2665.mp3,,
sample-002667-2667.mp3,,
sample-002668-2668.mp3,,
sample-002669-2669.mp3,,
sample-002670-2670.mp3,,
sample-002671-2671.mp3,,
sample-002672-2672.mp3,,
sample-002673-2673.mp3,,
sample-002674-2674.mp3,,
sample-002675-2675.mp3,,
sample-002676-2676.mp3,,
sample-002677-2677.mp3,,
sample-002678-2678.mp3,,
sample-002679-2679.mp3,,
sample-002680-2680.mp3,,
sample-002681-2681.mp3,,
sample-002684-2684.mp3,,
sample-002685-2685.mp3,,
sample-002686-2686.mp3,,
sample-002687-2687.mp3,,
sample-002688-2688.mp3,,
sample-002690-2690.mp3,,
sample-002692-2692.mp3,,
sample-002693-2693.mp3,,
sample-002694-2694.mp3,,
sample-002695-2695.mp3,,
sample-002696-2696.mp3,,
sample-002698-2698.mp3,,
sample-002699-2699.mp3,,
sample-002700-2700.mp3,,
sample-002701-2701.mp3,,
sample-002703-2703.mp3,,
sample-002704-2704.mp3,,
sample-002707-2707.mp3,,
sample-002708-2708.mp3,,
sample-002709-2709.mp3,,
sample-002711-2711.mp3,,
sample-002712-2712.mp3,,
sample-002713-2713.mp3,,
sample-002714-2714.mp3,,
sample-002715-2715.mp3,,
sample-002716-2716.mp3,,
sample-002717-2717.mp3,,
sample-002718-2718.mp3,,
sample-002719-2719.mp3,,
sample-002720-2720.mp3,,
sample-002721-2721.mp3,,
sample-002722-2722.mp3,,
sample-002723-2723.mp3,,
sample-002724-2724.mp3,,
sample-002725-2725.mp3,,
sample-002726-2726.mp3,,
sample-002728-2728.mp3,,
sample-002729-2729.mp3,,
sample-002730-2730.mp3,,
sample-002731-2731.mp3,,
sample-002732-2732.mp3,,
sample-002733-2733.mp3,,
sample-002735-2735.mp3,,
sample-002736-2736.mp3,,
sample-002737-2737.mp3,,
sample-002738-2738.mp3,,
sample-002739-2739.mp3,,
sample-002741-2741.mp3,,
sample-002742-2742.mp3,,
sample-002743-2743.mp3,,
sample-002746-2746.mp3,,
sample-002747-2747.mp3,,
sample-002749-2749.mp3,,
sample-002750-2750.mp3,,
sample-002751-2751.mp3,,
sample-002752-2752.mp3,,
sample-002753-2753.mp3,,
sample-002754-2754.mp3,,
sample-002755-2755.mp3,,
sample-002756-2756.mp3,,
sample-002758-2758.mp3,,
sample-002759-2759.mp3,,
sample-002761-2761.mp3,,
sample-002762-2762.mp3,,
sample-002763-2763.mp3,,
sample-002764-2764.mp3,,
sample-002765-2765.mp3,,
sample-002768-2768.mp3,,
sample-002769-2769.mp3,,
sample-002770-2770.mp3,,
sample-002771-2771.mp3,,
sample-002772-2772.mp3,,
sample-002773-2773.mp3,,
sample-002774-2774.mp3,,
sample-002775-2775.mp3,,
sample-002776-2776.mp3,,
sample-002777-2777.mp3,,
sample-002779-2779.mp3,,
sample-002780-2780.mp3,,
sample-002782-2782.mp3,,
sample-002783-2783.mp3,,
sample-002784-2784.mp3,,
sample-002785-2785.mp3,,
sample-002786-2786.mp3,,
sample-002788-2788.mp3,,
sample-002789-2789.mp3,,
sample-002791-2791.mp3,,
sample-002792-2792.mp3,,
sample-002793-2793.mp3,,
sample-002794-2794.mp3,,
sample-002795-2795.mp3,,
sample-002796-2796.mp3,,
sample-002797-2797.mp3,,
sample-002798-2798.mp3,,
sample-002799-2799.mp3,,
sample-002800-2800.mp3,,
sample-002801-2801.mp3,,
sample-002803-2803.mp3,,
sample-002804-2804.mp3,,
sample-002805-2805.mp3,,
sample-002806-2806.mp3,,
sample-002807-2807.mp3,,
sample-002808-2808.mp3,,
sample-002809-2809.mp3,,
sample-002810-2810.mp3,,
sample-002812-2812.mp3,,
sample-002814-2814.mp3,,
sample-002815-2815.mp3,,
sample-002816-2816.mp3,,
sample-002817-2817.mp3,,
sample-002818-2818.mp3,,
sample-002819-2819.mp3,,
sample-002820-2820.mp3,,
sample-002821-2821.mp3,,
sample-002822-2822.mp3,,
sample-002823-2823.mp3,,
sample-002824-2824.mp3,,
sample-002825-2825.mp3,,
sample-002826-2826.mp3,,
sample-002828-2828.mp3,,
sample-002830-2830.mp3,,
sample-002831-2831.mp3,,
sample-002832-2832.mp3,,
sample-002834-2834.mp3,,
sample-002835-2835.mp3,,
sample-002836-2836.mp3,,
sample-002837-2837.mp3,,
sample-002839-2839.mp3,,
sample-002840-2840.mp3,,
sample-002841-2841.mp3,,
sample-002842-2842.mp3,,
sample-002843-2843.mp3,,
sample-002845-2845.mp3,,
sample-002846-2846.mp3,,
sample-002847-2847.mp3,,
sample-002848-2848.mp3,,
sample-002851-2851.mp3,,
sample-002852-2852.mp3,,
sample-002853-2853.mp3,,
sample-002854-2854.mp3,,
sample-002855-2855.mp3,,
sample-002857-2857.mp3,,
sample-002858-2858.mp3,,
sample-002859-2859.mp3,,
sample-002860-2860.mp3,,
sample-002861-2861.mp3,,
sample-002862-2862.mp3,,
sample-002863-2863.mp3,,
sample-002864-2864.mp3,,
sample-002867-2867.mp3,,
sample-002868-2868.mp3,,
sample-002869-2869.mp3,,
sample-002870-2870.mp3,,
sample-002871-2871.mp3,,
sample-002872-2872.mp3,,
sample-002875-2875.mp3,,
sample-002876-2876.mp3,,
sample-002877-2877.mp3,,
sample-002879-2879.mp3,,
sample-002880-2880.mp3,,
sample-002881-2881.mp3,,
sample-002882-2882.mp3,,
sample-002883-2883.mp3,,
sample-002884-2884.mp3,,
sample-002886-2886.mp3,,
sample-002887-2887.mp3,,
sample-002888-2888.mp3,,
sample-002889-2889.mp3,,
sample-002890-2890.mp3,,
sample-002891-2891.mp3,,
sample-002892-2892.mp3,,
sample-002893-2893.mp3,,
sample-002894-2894.mp3,,
sample-002895-2895.mp3,,
sample-002897-2897.mp3,,
sample-002898-2898.mp3,,
sample-002899-2899.mp3,,
sample-002900-2900.mp3,,
sample-002901-2901.mp3,,
sample-002902-2902.mp3,,
sample-002903-2903.mp3,,
sample-002904-2904.mp3,,
sample-002905-2905.mp3,,
sample-002906-2906.mp3,,
sample-002907-2907.mp3,,
sample-002908-2908.mp3,,
sample-002909-2909.mp3,,
sample-002910-2910.mp3,,
sample-002911-2911.mp3,,
sample-002912-2912.mp3,,
sample-002913-2913.mp3,,
sample-002914-2914.mp3,,
sample-002915-2915.mp3,,
sample-002916-2916.mp3,,
sample-002917-2917.mp3,,
sample-002919-2919.mp3,,
sample-002920-2920.mp3,,
sample-002921-2921.mp3,,
sample-002923-2923.mp3,,
sample-002924-2924.mp3,,
sample-002926-2926.mp3,,
sample-002927-2927.mp3,,
sample-002928-2928.mp3,,
sample-002929-2929.mp3,,
sample-002930-2930.mp3,,
sample-002932-2932.mp3,,
sample-002933-2933.mp3,,
sample-002934-2934.mp3,,
sample-002935-2935.mp3,,
sample-002936-2936.mp3,,
sample-002937-2937.mp3,,
sample-002939-2939.mp3,,
sample-002940-2940.mp3,,
sample-002941-2941.mp3,,
sample-002943-2943.mp3,,
sample-002945-2945.mp3,,
sample-002947-2947.mp3,,
sample-002948-2948.mp3,,
sample-002949-2949.mp3,,
sample-002950-2950.mp3,,
sample-002951-2951.mp3,,
sample-002952-2952.mp3,,
sample-002953-2953.mp3,,
sample-002955-2955.mp3,,
sample-002956-2956.mp3,,
sample-002957-2957.mp3,,
sample-002958-2958.mp3,,
sample-002960-2960.mp3,,
sample-002961-2961.mp3,,
sample-002964-2964.mp3,,
sample-002965-2965.mp3,,
sample-002966-2966.mp3,,
sample-002967-2967.mp3,,
sample-002969-2969.mp3,,
sample-002970-2970.mp3,,
sample-002972-2972.mp3,,
sample-002973-2973.mp3,,
sample-002976-2976.mp3,,
sample-002977-2977.mp3,,
sample-002978-2978.mp3,,
sample-002979-2979.mp3,,
sample-002980-2980.mp3,,
sample-002981-2981.mp3,,
sample-002982-2982.mp3,,
sample-002983-2983.mp3,,
sample-002984-2984.mp3,,
sample-002986-2986.mp3,,
sample-002987-2987.mp3,,
sample-002989-2989.mp3,,
sample-002991-2991.mp3,,
sample-002992-2992.mp3,,
sample-002993-2993.mp3,,
sample-002994-2994.mp3,,
sample-002996-2996.mp3,,
sample-002997-2997.mp3,,
sample-002998-2998.mp3,,
sample-002999-2999.mp3,,
sample-003000-3000.mp3,,
sample-003001-3001.mp3,,
sample-003002-3002.mp3,,
sample-003007-3007.mp3,,
sample-003008-3008.mp3,,
sample-003009-3009.mp3,,
sample-003010-3010.mp3,,
sample-003011-3011.mp3,,
sample-003012-3012.mp3,,
sample-003013-3013.mp3,,
sample-003014-3014.mp3,,
sample-003015-3015.mp3,,
sample-003018-3018.mp3,,
sample-003019-3019.mp3,,
sample-003020-3020.mp3,,
sample-003022-3022.mp3,,
sample-003023-3023.mp3,,
sample-003024-3024.mp3,,
sample-003025-3025.mp3,,
sample-003026-3026.mp3,,
sample-003027-3027.mp3,,
sample-003029-3029.mp3,,
sample-003030-3030.mp3,,
sample-003031-3031.mp3,,
sample-003032-3032.mp3,,
sample-003033-3033.mp3,,
sample-003034-3034.mp3,,
sample-003035-3035.mp3,,
sample-003036-3036.mp3,,
sample-003037-3037.mp3,,
sample-003038-3038.mp3,,
sample-003039-3039.mp3,,
sample-003040-3040.mp3,,
sample-003041-3041.mp3,,
sample-003042-3042.mp3,,
sample-003043-3043.mp3,,
sample-003045-3045.mp3,,
sample-003046-3046.mp3,,
sample-003047-3047.mp3,,
sample-003048-3048.mp3,,
sample-003049-3049.mp3,,
sample-003050-3050.mp3,,
sample-003052-3052.mp3,,
sample-003053-3053.mp3,,
sample-003054-3054.mp3,,
sample-003055-3055.mp3,,
sample-003056-3056.mp3,,
sample-003057-3057.mp3,,
sample-003058-3058.mp3,,
sample-003059-3059.mp3,,
sample-003060-3060.mp3,,
sample-003061-3061.mp3,,
sample-003062-3062.mp3,,
sample-003063-3063.mp3,,
sample-003064-3064.mp3,,
sample-003066-3066.mp3,,
sample-003067-3067.mp3,,
sample-003068-3068.mp3,,
sample-003069-3069.mp3,,
sample-003070-3070.mp3,,
sample-003071-3071.mp3,,
sample-003073-3073.mp3,,
sample-003074-3074.mp3,,
sample-003075-3075.mp3,,
sample-003077-3077.mp3,,
sample-003078-3078.mp3,,
sample-003079-3079.mp3,,
sample-003081-3081.mp3,,
sample-003082-3082.mp3,,
sample-003084-3084.mp3,,
sample-003085-3085.mp3,,
sample-003086-3086.mp3,,
sample-003087-3087.mp3,,
sample-003088-3088.mp3,,
sample-003089-3089.mp3,,
sample-003090-3090.mp3,,
sample-003091-3091.mp3,,
sample-003094-3094.mp3,,
sample-003095-3095.mp3,,
sample-003096-3096.mp3,,
sample-003097-3097.mp3,,
sample-003098-3098.mp3,,
sample-003099-3099.mp3,,
sample-003100-3100.mp3,,
sample-003101-3101.mp3,,
sample-003103-3103.mp3,,
sample-003104-3104.mp3,,
sample-003105-3105.mp3,,
sample-003106-3106.mp3,,
sample-003107-3107.mp3,,
sample-003108-3108.mp3,,
sample-003109-3109.mp3,,
sample-003111-3111.mp3,,
sample-003113-3113.mp3,,
sample-003114-3114.mp3,,
sample-003115-3115.mp3,,
sample-003116-3116.mp3,,
sample-003117-3117.mp3,,
sample-003118-3118.mp3,,
sample-003119-3119.mp3,,
sample-003120-3120.mp3,,
sample-003121-3121.mp3,,
sample-003122-3122.mp3,,
sample-003123-3123.mp3,,
sample-003124-3124.mp3,,
sample-003125-3125.mp3,,
sample-003126-3126.mp3,,
sample-003127-3127.mp3,,
sample-003128-3128.mp3,,
sample-003130-3130.mp3,,
sample-003131-3131.mp3,,
sample-003132-3132.mp3,,
sample-003133-3133.mp3,,
sample-003134-3134.mp3,,
sample-003135-3135.mp3,,
sample-003136-3136.mp3,,
sample-003138-3138.mp3,,
sample-003140-3140.mp3,,
sample-003141-3141.mp3,,
sample-003142-3142.mp3,,
sample-003143-3143.mp3,,
sample-003144-3144.mp3,,
sample-003145-3145.mp3,,
sample-003146-3146.mp3,,
sample-003147-3147.mp3,,
sample-003148-3148.mp3,,
sample-003149-3149.mp3,,
sample-003150-3150.mp3,,
sample-003151-3151.mp3,,
sample-003152-3152.mp3,,
sample-003153-3153.mp3,,
sample-003154-3154.mp3,,
sample-003155-3155.mp3,,
sample-003156-3156.mp3,,
sample-003157-3157.mp3,,
sample-003158-3158.mp3,,
sample-003159-3159.mp3,,
sample-003161-3161.mp3,,
sample-003162-3162.mp3,,
sample-003163-3163.mp3,,
sample-003164-3164.mp3,,
sample-003165-3165.mp3,,
sample-003168-3168.mp3,,
sample-003170-3170.mp3,,
sample-003171-3171.mp3,,
sample-003173-3173.mp3,,
sample-003174-3174.mp3,,
sample-003175-3175.mp3,,
sample-003177-3177.mp3,,
sample-003178-3178.mp3,,
sample-003179-3179.mp3,,
sample-003181-3181.mp3,,
sample-003182-3182.mp3,,
sample-003183-3183.mp3,,
sample-003184-3184.mp3,,
sample-003185-3185.mp3,,
sample-003187-3187.mp3,,
sample-003188-3188.mp3,,
sample-003189-3189.mp3,,
sample-003190-3190.mp3,,
sample-003191-3191.mp3,,
sample-003192-3192.mp3,,
sample-003193-3193.mp3,,
sample-003194-3194.mp3,,
sample-003195-3195.mp3,,
sample-003196-3196.mp3,,
sample-003197-3197.mp3,,
sample-003198-3198.mp3,,
sample-003199-3199.mp3,,
sample-003200-3200.mp3,,
sample-003201-3201.mp3,,
sample-003203-3203.mp3,,
sample-003204-3204.mp3,,
sample-003205-3205.mp3,,
sample-003206-3206.mp3,,
sample-003207-3207.mp3,,
sample-003208-3208.mp3,,
sample-003209-3209.mp3,,
sample-003210-3210.mp3,,
sample-003211-3211.mp3,,
sample-003212-3212.mp3,,
sample-003213-3213.mp3,,
sample-003215-3215.mp3,,
sample-003217-3217.mp3,,
sample-003218-3218.mp3,,
sample-003219-3219.mp3,,
sample-003220-3220.mp3,,
sample-003221-3221.mp3,,
sample-003222-3222.mp3,,
sample-003224-3224.mp3,,
sample-003225-3225.mp3,,
sample-003226-3226.mp3,,
sample-003227-3227.mp3,,
sample-003228-3228.mp3,,
sample-003229-3229.mp3,,
sample-003230-3230.mp3,,
sample-003231-3231.mp3,,
sample-003232-3232.mp3,,
sample-003233-3233.mp3,,
sample-003234-3234.mp3,,
sample-003235-3235.mp3,,
sample-003236-3236.mp3,,
sample-003237-3237.mp3,,
sample-003238-3238.mp3,,
sample-003239-3239.mp3,,
sample-003241-3241.mp3,,
sample-003242-3242.mp3,,
sample-003243-3243.mp3,,
sample-003244-3244.mp3,,
sample-003245-3245.mp3,,
sample-003246-3246.mp3,,
sample-003247-3247.mp3,,
sample-003248-3248.mp3,,
sample-003249-3249.mp3,,
sample-003251-3251.mp3,,
sample-003253-3253.mp3,,
sample-003255-3255.mp3,,
sample-003256-3256.mp3,,
sample-003257-3257.mp3,,
sample-003258-3258.mp3,,
sample-003260-3260.mp3,,
sample-003261-3261.mp3,,
sample-003262-3262.mp3,,
sample-003263-3263.mp3,,
sample-003264-3264.mp3,,
sample-003265-3265.mp3,,
sample-003266-3266.mp3,,
sample-003267-3267.mp3,,
sample-003268-3268.mp3,,
sample-003269-3269.mp3,,
sample-003270-3270.mp3,,
sample-003273-3273.mp3,,
sample-003274-3274.mp3,,
sample-003275-3275.mp3,,
sample-003276-3276.mp3,,
sample-003277-3277.mp3,,
sample-003278-3278.mp3,,
sample-003280-3280.mp3,,
sample-003281-3281.mp3,,
sample-003282-3282.mp3,,
sample-003283-3283.mp3,,
sample-003284-3284.mp3,,
sample-003285-3285.mp3,,
sample-003287-3287.mp3,,
sample-003288-3288.mp3,,
sample-003289-3289.mp3,,
sample-003290-3290.mp3,,
sample-003291-3291.mp3,,
sample-003292-3292.mp3,,
sample-003293-3293.mp3,,
sample-003294-3294.mp3,,
sample-003295-3295.mp3,,
sample-003298-3298.mp3,,
sample-003299-3299.mp3,,
sample-003300-3300.mp3,,
sample-003301-3301.mp3,,
sample-003302-3302.mp3,,
sample-003303-3303.mp3,,
sample-003304-3304.mp3,,
sample-003305-3305.mp3,,
sample-003307-3307.mp3,,
sample-003308-3308.mp3,,
sample-003309-3309.mp3,,
sample-003311-3311.mp3,,
sample-003312-3312.mp3,,
sample-003314-3314.mp3,,
sample-003315-3315.mp3,,
sample-003316-3316.mp3,,
sample-003317-3317.mp3,,
sample-003318-3318.mp3,,
sample-003319-3319.mp3,,
sample-003321-3321.mp3,,
sample-003322-3322.mp3,,
sample-003324-3324.mp3,,
sample-003325-3325.mp3,,
sample-003326-3326.mp3,,
sample-003328-3328.mp3,,
sample-003329-3329.mp3,,
sample-003330-3330.mp3,,
sample-003331-3331.mp3,,
sample-003332-3332.mp3,,
sample-003333-3333.mp3,,
sample-003334-3334.mp3,,
sample-003336-3336.mp3,,
sample-003337-3337.mp3,,
sample-003338-3338.mp3,,
sample-003339-3339.mp3,,
sample-003340-3340.mp3,,
sample-003342-3342.mp3,,
sample-003343-3343.mp3,,
sample-003345-3345.mp3,,
sample-003346-3346.mp3,,
sample-003348-3348.mp3,,
sample-003349-3349.mp3,,
sample-003350-3350.mp3,,
sample-003351-3351.mp3,,
sample-003352-3352.mp3,,
sample-003353-3353.mp3,,
sample-003354-3354.mp3,,
sample-003355-3355.mp3,,
sample-003356-3356.mp3,,
sample-003358-3358.mp3,,
sample-003359-3359.mp3,,
sample-003360-3360.mp3,,
sample-003362-3362.mp3,,
sample-003364-3364.mp3,,
sample-003365-3365.mp3,,
sample-003367-3367.mp3,,
sample-003368-3368.mp3,,
sample-003369-3369.mp3,,
sample-003370-3370.mp3,,
sample-003371-3371.mp3,,
sample-003372-3372.mp3,,
sample-003373-3373.mp3,,
sample-003375-3375.mp3,,
sample-003376-3376.mp3,,
sample-003377-3377.mp3,,
sample-003378-3378.mp3,,
sample-003381-3381.mp3,,
sample-003382-3382.mp3,,
sample-003383-3383.mp3,,
sample-003384-3384.mp3,,
sample-003385-3385.mp3,,
sample-003388-3388.mp3,,
sample-003389-3389.mp3,,
sample-003390-3390.mp3,,
sample-003391-3391.mp3,,
sample-003392-3392.mp3,,
sample-003393-3393.mp3,,
sample-003394-3394.mp3,,
sample-003396-3396.mp3,,
sample-003397-3397.mp3,,
sample-003398-3398.mp3,,
sample-003399-3399.mp3,,
sample-003400-3400.mp3,,
sample-003401-3401.mp3,,
sample-003402-3402.mp3,,
sample-003403-3403.mp3,,
sample-003404-3404.mp3,,
sample-003406-3406.mp3,,
sample-003408-3408.mp3,,
sample-003411-3411.mp3,,
sample-003412-3412.mp3,,
sample-003413-3413.mp3,,
sample-003414-3414.mp3,,
sample-003416-3416.mp3,,
sample-003417-3417.mp3,,
sample-003418-3418.mp3,,
sample-003419-3419.mp3,,
sample-003420-3420.mp3,,
sample-003421-3421.mp3,,
sample-003422-3422.mp3,,
sample-003423-3423.mp3,,
sample-003424-3424.mp3,,
sample-003425-3425.mp3,,
sample-003426-3426.mp3,,
sample-003428-3428.mp3,,
sample-003429-3429.mp3,,
sample-003430-3430.mp3,,
sample-003431-3431.mp3,,
sample-003434-3434.mp3,,
sample-003435-3435.mp3,,
sample-003436-3436.mp3,,
sample-003437-3437.mp3,,
sample-003438-3438.mp3,,
sample-003439-3439.mp3,,
sample-003440-3440.mp3,,
sample-003441-3441.mp3,,
sample-003442-3442.mp3,,
sample-003443-3443.mp3,,
sample-003444-3444.mp3,,
sample-003445-3445.mp3,,
sample-003446-3446.mp3,,
sample-003448-3448.mp3,,
sample-003449-3449.mp3,,
sample-003450-3450.mp3,,
sample-003451-3451.mp3,,
sample-003452-3452.mp3,,
sample-003453-3453.mp3,,
sample-003455-3455.mp3,,
sample-003456-3456.mp3,,
sample-003457-3457.mp3,,
sample-003459-3459.mp3,,
sample-003460-3460.mp3,,
sample-003461-3461.mp3,,
sample-003462-3462.mp3,,
sample-003463-3463.mp3,,
sample-003465-3465.mp3,,
sample-003466-3466.mp3,,
sample-003467-3467.mp3,,
sample-003468-3468.mp3,,
sample-003469-3469.mp3,,
sample-003470-3470.mp3,,
sample-003471-3471.mp3,,
sample-003472-3472.mp3,,
sample-003473-3473.mp3,,
sample-003474-3474.mp3,,
sample-003475-3475.mp3,,
sample-003476-3476.mp3,,
sample-003477-3477.mp3,,
sample-003478-3478.mp3,,
sample-003479-3479.mp3,,
sample-003481-3481.mp3,,
sample-003483-3483.mp3,,
sample-003484-3484.mp3,,
sample-003485-3485.mp3,,
sample-003486-3486.mp3,,
sample-003489-3489.mp3,,
sample-003490-3490.mp3,,
sample-003491-3491.mp3,,
sample-003493-3493.mp3,,
sample-003494-3494.mp3,,
sample-003496-3496.mp3,,
sample-003497-3497.mp3,,
sample-003498-3498.mp3,,
sample-003499-3499.mp3,,
sample-003500-3500.mp3,,
sample-003501-3501.mp3,,
sample-003502-3502.mp3,,
sample-003505-3505.mp3,,
sample-003507-3507.mp3,,
sample-003508-3508.mp3,,
sample-003510-3510.mp3,,
sample-003511-3511.mp3,,
sample-003512-3512.mp3,,
sample-003513-3513.mp3,,
sample-003514-3514.mp3,,
sample-003515-3515.mp3,,
sample-003516-3516.mp3,,
sample-003517-3517.mp3,,
sample-003519-3519.mp3,,
sample-003520-3520.mp3,,
sample-003521-3521.mp3,,
sample-003522-3522.mp3,,
sample-003523-3523.mp3,,
sample-003525-3525.mp3,,
sample-003526-3526.mp3,,
sample-003527-3527.mp3,,
sample-003529-3529.mp3,,
sample-003530-3530.mp3,,
sample-003531-3531.mp3,,
sample-003532-3532.mp3,,
sample-003533-3533.mp3,,
sample-003534-3534.mp3,,
sample-003535-3535.mp3,,
sample-003537-3537.mp3,,
sample-003538-3538.mp3,,
sample-003539-3539.mp3,,
sample-003540-3540.mp3,,
sample-003542-3542.mp3,,
sample-003543-3543.mp3,,
sample-003545-3545.mp3,,
sample-003547-3547.mp3,,
sample-003548-3548.mp3,,
sample-003549-3549.mp3,,
sample-003550-3550.mp3,,
sample-003551-3551.mp3,,
sample-003552-3552.mp3,,
sample-003553-3553.mp3,,
sample-003554-3554.mp3,,
sample-003555-3555.mp3,,
sample-003556-3556.mp3,,
sample-003557-3557.mp3,,
sample-003559-3559.mp3,,
sample-003560-3560.mp3,,
sample-003561-3561.mp3,,
sample-003562-3562.mp3,,
sample-003564-3564.mp3,,
sample-003565-3565.mp3,,
sample-003568-3568.mp3,,
sample-003569-3569.mp3,,
sample-003570-3570.mp3,,
sample-003571-3571.mp3,,
sample-003572-3572.mp3,,
sample-003574-3574.mp3,,
sample-003576-3576.mp3,,
sample-003577-3577.mp3,,
sample-003579-3579.mp3,,
sample-003580-3580.mp3,,
sample-003581-3581.mp3,,
sample-003582-3582.mp3,,
sample-003583-3583.mp3,,
sample-003584-3584.mp3,,
sample-003586-3586.mp3,,
sample-003587-3587.mp3,,
sample-003589-3589.mp3,,
sample-003590-3590.mp3,,
sample-003591-3591.mp3,,
sample-003593-3593.mp3,,
sample-003594-3594.mp3,,
sample-003595-3595.mp3,,
sample-003596-3596.mp3,,
sample-003597-3597.mp3,,
sample-003598-3598.mp3,,
sample-003599-3599.mp3,,
sample-003600-3600.mp3,,
sample-003601-3601.mp3,,
sample-003602-3602.mp3,,
sample-003603-3603.mp3,,
sample-003604-3604.mp3,,
sample-003605-3605.mp3,,
sample-003606-3606.mp3,,
sample-003607-3607.mp3,,
sample-003608-3608.mp3,,
sample-003610-3610.mp3,,
sample-003611-3611.mp3,,
sample-003613-3613.mp3,,
sample-003614-3614.mp3,,
sample-003615-3615.mp3,,
sample-003616-3616.mp3,,
sample-003617-3617.mp3,,
sample-003618-3618.mp3,,
sample-003619-3619.mp3,,
sample-003620-3620.mp3,,
sample-003621-3621.mp3,,
sample-003622-3622.mp3,,
sample-003624-3624.mp3,,
sample-003626-3626.mp3,,
sample-003627-3627.mp3,,
sample-003628-3628.mp3,,
sample-003629-3629.mp3,,
sample-003631-3631.mp3,,
sample-003632-3632.mp3,,
sample-003633-3633.mp3,,
sample-003634-3634.mp3,,
sample-003635-3635.mp3,,
sample-003636-3636.mp3,,
sample-003637-3637.mp3,,
sample-003638-3638.mp3,,
sample-003640-3640.mp3,,
sample-003641-3641.mp3,,
sample-003642-3642.mp3,,
sample-003643-3643.mp3,,
sample-003644-3644.mp3,,
sample-003645-3645.mp3,,
sample-003646-3646.mp3,,
sample-003647-3647.mp3,,
sample-003648-3648.mp3,,
sample-003649-3649.mp3,,
sample-003650-3650.mp3,,
sample-003651-3651.mp3,,
sample-003654-3654.mp3,,
sample-003655-3655.mp3,,
sample-003657-3657.mp3,,
sample-003658-3658.mp3,,
sample-003660-3660.mp3,,
sample-003661-3661.mp3,,
sample-003662-3662.mp3,,
sample-003663-3663.mp3,,
sample-003664-3664.mp3,,
sample-003666-3666.mp3,,
sample-003667-3667.mp3,,
sample-003668-3668.mp3,,
sample-003669-3669.mp3,,
sample-003671-3671.mp3,,
sample-003672-3672.mp3,,
sample-003673-3673.mp3,,
sample-003675-3675.mp3,,
sample-003676-3676.mp3,,
sample-003677-3677.mp3,,
sample-003679-3679.mp3,,
sample-003680-3680.mp3,,
sample-003681-3681.mp3,,
sample-003683-3683.mp3,,
sample-003684-3684.mp3,,
sample-003685-3685.mp3,,
sample-003687-3687.mp3,,
sample-003688-3688.mp3,,
sample-003689-3689.mp3,,
sample-003690-3690.mp3,,
sample-003692-3692.mp3,,
sample-003694-3694.mp3,,
sample-003695-3695.mp3,,
sample-003696-3696.mp3,,
sample-003697-3697.mp3,,
sample-003699-3699.mp3,,
sample-003700-3700.mp3,,
sample-003701-3701.mp3,,
sample-003702-3702.mp3,,
sample-003703-3703.mp3,,
sample-003704-3704.mp3,,
sample-003705-3705.mp3,,
sample-003706-3706.mp3,,
sample-003707-3707.mp3,,
sample-003708-3708.mp3,,
sample-003709-3709.mp3,,
sample-003710-3710.mp3,,
sample-003711-3711.mp3,,
sample-003712-3712.mp3,,
sample-003713-3713.mp3,,
sample-003714-3714.mp3,,
sample-003715-3715.mp3,,
sample-003717-3717.mp3,,
sample-003718-3718.mp3,,
sample-003719-3719.mp3,,
sample-003720-3720.mp3,,
sample-003721-3721.mp3,,
sample-003722-3722.mp3,,
sample-003723-3723.mp3,,
sample-003724-3724.mp3,,
sample-003725-3725.mp3,,
sample-003726-3726.mp3,,
sample-003727-3727.mp3,,
sample-003728-3728.mp3,,
sample-003729-3729.mp3,,
sample-003730-3730.mp3,,
sample-003731-3731.mp3,,
sample-003733-3733.mp3,,
sample-003734-3734.mp3,,
sample-003736-3736.mp3,,
sample-003737-3737.mp3,,
sample-003738-3738.mp3,,
sample-003739-3739.mp3,,
sample-003740-3740.mp3,,
sample-003742-3742.mp3,,
sample-003743-3743.mp3,,
sample-003744-3744.mp3,,
sample-003745-3745.mp3,,
sample-003747-3747.mp3,,
sample-003751-3751.mp3,,
sample-003752-3752.mp3,,
sample-003753-3753.mp3,,
sample-003755-3755.mp3,,
sample-003756-3756.mp3,,
sample-003757-3757.mp3,,
sample-003758-3758.mp3,,
sample-003759-3759.mp3,,
sample-003760-3760.mp3,,
sample-003761-3761.mp3,,
sample-003762-3762.mp3,,
sample-003763-3763.mp3,,
sample-003764-3764.mp3,,
sample-003765-3765.mp3,,
sample-003766-3766.mp3,,
sample-003767-3767.mp3,,
sample-003768-3768.mp3,,
sample-003769-3769.mp3,,
sample-003770-3770.mp3,,
sample-003772-3772.mp3,,
sample-003774-3774.mp3,,
sample-003775-3775.mp3,,
sample-003776-3776.mp3,,
sample-003777-3777.mp3,,
sample-003778-3778.mp3,,
sample-003779-3779.mp3,,
sample-003780-3780.mp3,,
sample-003781-3781.mp3,,
sample-003783-3783.mp3,,
sample-003784-3784.mp3,,
sample-003785-3785.mp3,,
sample-003788-3788.mp3,,
sample-003790-3790.mp3,,
sample-003791-3791.mp3,,
sample-003792-3792.mp3,,
sample-003793-3793.mp3,,
sample-003794-3794.mp3,,
sample-003795-3795.mp3,,
sample-003796-3796.mp3,,
sample-003797-3797.mp3,,
sample-003798-3798.mp3,,
sample-003799-3799.mp3,,
sample-003800-3800.mp3,,
sample-003801-3801.mp3,,
sample-003803-3803.mp3,,
sample-003804-3804.mp3,,
sample-003805-3805.mp3,,
sample-003806-3806.mp3,,
sample-003807-3807.mp3,,
sample-003808-3808.mp3,,
sample-003809-3809.mp3,,
sample-003810-3810.mp3,,
sample-003811-3811.mp3,,
sample-003812-3812.mp3,,
sample-003813-3813.mp3,,
sample-003814-3814.mp3,,
sample-003815-3815.mp3,,
sample-003816-3816.mp3,,
sample-003817-3817.mp3,,
sample-003819-3819.mp3,,
sample-003820-3820.mp3,,
sample-003821-3821.mp3,,
sample-003822-3822.mp3,,
sample-003824-3824.mp3,,
sample-003825-3825.mp3,,
sample-003826-3826.mp3,,
sample-003828-3828.mp3,,
sample-003829-3829.mp3,,
sample-003830-3830.mp3,,
sample-003831-3831.mp3,,
sample-003832-3832.mp3,,
sample-003834-3834.mp3,,
sample-003835-3835.mp3,,
sample-003836-3836.mp3,,
sample-003837-3837.mp3,,
sample-003838-3838.mp3,,
sample-003839-3839.mp3,,
sample-003840-3840.mp3,,
sample-003841-3841.mp3,,
sample-003842-3842.mp3,,
sample-003843-3843.mp3,,
sample-003844-3844.mp3,,
sample-003846-3846.mp3,,
sample-003847-3847.mp3,,
sample-003848-3848.mp3,,
sample-003849-3849.mp3,,
sample-003850-3850.mp3,,
sample-003851-3851.mp3,,
sample-003852-3852.mp3,,
sample-003853-3853.mp3,,
sample-003854-3854.mp3,,
sample-003855-3855.mp3,,
sample-003856-3856.mp3,,
sample-003857-3857.mp3,,
sample-003858-3858.mp3,,
sample-003859-3859.mp3,,
sample-003860-3860.mp3,,
sample-003861-3861.mp3,,
sample-003862-3862.mp3,,
sample-003864-3864.mp3,,
sample-003866-3866.mp3,,
sample-003867-3867.mp3,,
sample-003868-3868.mp3,,
sample-003869-3869.mp3,,
sample-003870-3870.mp3,,
sample-003871-3871.mp3,,
sample-003872-3872.mp3,,
sample-003873-3873.mp3,,
sample-003874-3874.mp3,,
sample-003875-3875.mp3,,
sample-003877-3877.mp3,,
sample-003878-3878.mp3,,
sample-003879-3879.mp3,,
sample-003880-3880.mp3,,
sample-003881-3881.mp3,,
sample-003882-3882.mp3,,
sample-003883-3883.mp3,,
sample-003884-3884.mp3,,
sample-003885-3885.mp3,,
sample-003886-3886.mp3,,
sample-003887-3887.mp3,,
sample-003889-3889.mp3,,
sample-003890-3890.mp3,,
sample-003891-3891.mp3,,
sample-003892-3892.mp3,,
sample-003893-3893.mp3,,
sample-003894-3894.mp3,,
sample-003895-3895.mp3,,
sample-003896-3896.mp3,,
sample-003897-3897.mp3,,
sample-003898-3898.mp3,,
sample-003899-3899.mp3,,
sample-003900-3900.mp3,,
sample-003901-3901.mp3,,
sample-003902-3902.mp3,,
sample-003903-3903.mp3,,
sample-003904-3904.mp3,,
sample-003905-3905.mp3,,
sample-003906-3906.mp3,,
sample-003907-3907.mp3,,
sample-003908-3908.mp3,,
sample-003909-3909.mp3,,
sample-003910-3910.mp3,,
sample-003911-3911.mp3,,
sample-003914-3914.mp3,,
sample-003915-3915.mp3,,
sample-003916-3916.mp3,,
sample-003917-3917.mp3,,
sample-003918-3918.mp3,,
sample-003919-3919.mp3,,
sample-003920-3920.mp3,,
sample-003921-3921.mp3,,
sample-003922-3922.mp3,,
sample-003923-3923.mp3,,
sample-003924-3924.mp3,,
sample-003925-3925.mp3,,
sample-003926-3926.mp3,,
sample-003927-3927.mp3,,
sample-003928-3928.mp3,,
sample-003929-3929.mp3,,
sample-003930-3930.mp3,,
sample-003931-3931.mp3,,
sample-003933-3933.mp3,,
sample-003934-3934.mp3,,
sample-003935-3935.mp3,,
sample-003936-3936.mp3,,
sample-003937-3937.mp3,,
sample-003938-3938.mp3,,
sample-003939-3939.mp3,,
sample-003940-3940.mp3,,
sample-003941-3941.mp3,,
sample-003942-3942.mp3,,
sample-003943-3943.mp3,,
sample-003944-3944.mp3,,
sample-003945-3945.mp3,,
sample-003946-3946.mp3,,
sample-003947-3947.mp3,,
sample-003948-3948.mp3,,
sample-003949-3949.mp3,,
sample-003950-3950.mp3,,
sample-003953-3953.mp3,,
sample-003955-3955.mp3,,
sample-003956-3956.mp3,,
sample-003958-3958.mp3,,
sample-003959-3959.mp3,,
sample-003960-3960.mp3,,
sample-003961-3961.mp3,,
sample-003962-3962.mp3,,
sample-003963-3963.mp3,,
sample-003964-3964.mp3,,
sample-003966-3966.mp3,,
sample-003967-3967.mp3,,
sample-003968-3968.mp3,,
sample-003969-3969.mp3,,
sample-003971-3971.mp3,,
sample-003973-3973.mp3,,
sample-003974-3974.mp3,,
sample-003976-3976.mp3,,
sample-003978-3978.mp3,,
sample-003979-3979.mp3,,
sample-003980-3980.mp3,,
sample-003981-3981.mp3,,
sample-003983-3983.mp3,,
sample-003984-3984.mp3,,
sample-003985-3985.mp3,,
sample-003986-3986.mp3,,
sample-003987-3987.mp3,,
sample-003989-3989.mp3,,
sample-003990-3990.mp3,,
sample-003991-3991.mp3,,
sample-003993-3993.mp3,,
sample-003994-3994.mp3,,
